date,prefecture,unleaded_95,unleaded_100,diesel_driving,autogas,prefecture_eng
01-10-2026,ΝΟΜΟΣ ΑΙΤΩΛΙΑΣ ΚΑΙ ΑΚΑΡΝΑΝΙΑΣ,2.228,2.471,2.221,1.069,ETOLOAKARNANIAS
01-10-2026,ΝΟΜΟΣ ΑΡΓΟΛΙΔΟΣ,2.208,2.45,2.2,1.024,ARGOLIDAS
01-10-2026,ΝΟΜΟΣ ΑΡΚΑΔΙΑΣ,2.211,2.452,2.215,1.071,ARKADIAS
01-10-2026,ΝΟΜΟΣ ΑΡΤΗΣ,2.191,2.432,2.188,1.024,ARTAS
01-10-2026,ΝΟΜΟΣ ΑΧΑΪΑΣ,2.187,2.452,2.197,1.048,ACHAIAS
01-10-2026,ΝΟΜΟΣ ΒΟΙΩΤΙΑΣ,2.201,2.46,2.208,1.038,VIOTIAS
01-10-2026,ΝΟΜΟΣ ΓΡΕΒΕΝΩΝ,2.23,2.458,2.235,1.073,GREVENON
01-10-2026,ΝΟΜΟΣ ΔΡΑΜΑΣ,2.193,2.473,2.178,1.03,DRAMAS
01-10-2026,ΝΟΜΟΣ ΔΩΔΕΚΑΝΗΣΟΥ,2.329,2.545,2.287,1.376,DODEKANISON
01-10-2026,ΝΟΜΟΣ ΕΒΡΟΥ,2.204,2.43,2.207,1.086,EVROU
01-10-2026,ΝΟΜΟΣ ΕΥΒΟΙΑΣ,2.22,2.466,2.233,1.098,EVVIAS
01-10-2026,ΝΟΜΟΣ ΕΥΡΥΤΑΝΙΑΣ,2.278,2.585,2.304,1.128,EVRYTANIAS
01-10-2026,ΝΟΜΟΣ ΖΑΚΥΝΘΟΥ,2.226,2.453,2.206,1.143,ZAKYNTHOU
01-10-2026,ΝΟΜΟΣ ΗΛΕΙΑΣ,2.196,2.42,2.179,1.004,ILIAS
01-10-2026,ΝΟΜΟΣ ΗΜΑΘΙΑΣ,2.17,2.404,2.178,0.993,IMATHIAS
01-10-2026,ΝΟΜΟΣ ΗΡΑΚΛΕΙΟΥ,2.24,2.427,2.254,1.139,IRAKLIOU
01-10-2026,ΝΟΜΟΣ ΘΕΣΠΡΩΤΙΑΣ,2.204,2.461,2.222,1.092,THESPROTIAS
01-10-2026,ΝΟΜΟΣ ΘΕΣΣΑΛΟΝΙΚΗΣ,2.189,2.438,2.184,1.033,THESSALONIKIS
01-10-2026,ΝΟΜΟΣ ΙΩΑΝΝΙΝΩΝ,2.191,2.45,2.198,1.0,IOANNINON
01-10-2026,ΝΟΜΟΣ ΚΑΒΑΛΑΣ,2.214,2.435,2.185,1.068,KAVALAS
01-10-2026,ΝΟΜΟΣ ΚΑΡΔΙΤΣΗΣ,2.203,2.427,2.207,1.036,KARDITSAS
01-10-2026,ΝΟΜΟΣ ΚΑΣΤΟΡΙΑΣ,2.192,2.414,2.205,1.019,KASTORIAS
01-10-2026,ΝΟΜΟΣ ΚΕΡΚΥΡΑΣ,2.248,2.479,2.243,1.343,KERKYRAS
01-10-2026,ΝΟΜΟΣ ΚΕΦΑΛΛΗΝΙΑΣ,2.29,2.507,2.291,1.197,KEFALLONIAS
01-10-2026,ΝΟΜΟΣ ΚΙΛΚΙΣ,2.194,2.397,2.192,1.041,KILKIS
01-10-2026,ΝΟΜΟΣ ΚΟΖΑΝΗΣ,2.18,2.417,2.193,1.018,KOZANIS
01-10-2026,ΝΟΜΟΣ ΚΟΡΙΝΘΙΑΣ,2.191,2.452,2.17,1.06,KORINTHOU
01-10-2026,ΝΟΜΟΣ ΚΥΚΛΑΔΩΝ,2.44,2.639,2.415,1.316,KYKLADON
01-10-2026,ΝΟΜΟΣ ΛΑΚΩΝΙΑΣ,2.214,2.462,2.213,1.065,LAKONIAS
01-10-2026,ΝΟΜΟΣ ΛΑΡΙΣΗΣ,2.199,2.443,2.203,1.033,LARISAS
01-10-2026,ΝΟΜΟΣ ΛΑΣΙΘΙΟΥ,2.246,2.441,2.251,1.123,LASITHIOU
01-10-2026,ΝΟΜΟΣ ΛΕΣΒΟΥ,2.254,2.451,2.257,1.102,LESVOU
01-10-2026,ΝΟΜΟΣ ΛΕΥΚΑΔΟΣ,2.289,2.468,2.271,1.045,LEFKADAS
01-10-2026,ΝΟΜΟΣ ΜΑΓΝΗΣΙΑΣ,2.224,2.426,2.221,1.008,MAGNISIAS
01-10-2026,ΝΟΜΟΣ ΜΕΣΣΗΝΙΑΣ,2.216,2.446,2.218,1.022,MESSINIAS
01-10-2026,ΝΟΜΟΣ ΞΑΝΘΗΣ,2.208,2.441,2.202,1.0,XANTHIS
01-10-2026,ΝΟΜΟΣ ΠΕΛΛΗΣ,2.198,2.406,2.179,1.027,PELLAS
01-10-2026,ΝΟΜΟΣ ΠΙΕΡΙΑΣ,2.195,2.48,2.17,1.04,PIERIAS
01-10-2026,ΝΟΜΟΣ ΠΡΕΒΕΖΗΣ,2.185,2.41,2.189,1.01,PREVEZAS
01-10-2026,ΝΟΜΟΣ ΡΕΘΥΜΝΗΣ,2.239,2.452,2.225,1.081,RETHYMNOU
01-10-2026,ΝΟΜΟΣ ΡΟΔΟΠΗΣ,2.205,2.421,2.205,1.043,RODOPIS
01-10-2026,ΝΟΜΟΣ ΣΑΜΟΥ,2.203,2.426,2.221,1.169,SAMOU
01-10-2026,ΝΟΜΟΣ ΣΕΡΡΩΝ,2.184,2.416,2.177,1.027,SERRON
01-10-2026,ΝΟΜΟΣ ΤΡΙΚΑΛΩΝ,2.201,2.424,2.208,1.029,TRIKALON
01-10-2026,ΝΟΜΟΣ ΦΘΙΩΤΙΔΟΣ,2.213,2.471,2.21,1.074,FTHIOTIDAS
01-10-2026,ΝΟΜΟΣ ΦΛΩΡΙΝΗΣ,2.167,2.369,2.221,1.018,FLORINAS
01-10-2026,ΝΟΜΟΣ ΦΩΚΙΔΟΣ,2.233,2.497,2.225,1.14,FOKIDAS
01-10-2026,ΝΟΜΟΣ ΧΑΛΚΙΔΙΚΗΣ,2.226,2.477,2.232,1.057,CHALKIDIKIS
01-10-2026,ΝΟΜΟΣ ΧΑΝΙΩΝ,2.214,2.466,2.217,1.122,CHANION
01-10-2026,ΝΟΜΟΣ ΧΙΟΥ,2.178,2.441,2.166,1.349,CHIOU
01-10-2026,ΝΟΜΟΣ ΑΤΤΙΚΗΣ,2.186,2.455,2.178,1.03,ATHINON
01-10-2026,ΝΟΜΟΣ ΑΤΤΙΚΗΣ,2.186,2.455,2.178,1.03,ANATOLIKIS ATTIKIS
01-10-2026,ΝΟΜΟΣ ΑΤΤΙΚΗΣ,2.186,2.455,2.178,1.03,DYTIKIS ATTIKIS
01-10-2026,ΝΟΜΟΣ ΑΤΤΙΚΗΣ,2.186,2.455,2.178,1.03,PIREOS KE NISON
