date,prefecture,Αμόλυβδη 95,Αμόλυβδη 100,Diesel Κίνησης,Autogas,Diesel Θέρμανσης,Super
2022-07-11,ΝΟΜΟΣ ΑΧΑΪΑΣ,2.342,2.56,2.018,1.155,,
2022-07-12,ΝΟΜΟΣ ΑΧΑΪΑΣ,2.336,2.56,2.009,1.148,,
2022-07-13,ΝΟΜΟΣ ΑΧΑΪΑΣ,2.333,2.555,2.004,1.145,,
2022-07-14,ΝΟΜΟΣ ΑΧΑΪΑΣ,2.326,2.548,1.998,1.143,,
2022-07-15,ΝΟΜΟΣ ΑΧΑΪΑΣ,2.318,2.539,1.995,1.143,,
2022-07-16,ΝΟΜΟΣ ΑΧΑΪΑΣ,2.302,2.53,1.992,1.14,,
2022-07-17,ΝΟΜΟΣ ΑΧΑΪΑΣ,2.293,2.526,1.989,1.14,,
2022-07-18,ΝΟΜΟΣ ΑΧΑΪΑΣ,2.272,2.51,1.987,1.134,,
2022-07-19,ΝΟΜΟΣ ΑΧΑΪΑΣ,2.272,2.51,1.987,1.134,,
2022-07-20,ΝΟΜΟΣ ΑΧΑΪΑΣ,2.249,2.5,1.983,1.128,,
2022-07-21,ΝΟΜΟΣ ΑΧΑΪΑΣ,2.233,2.486,1.978,1.125,,
2022-07-22,ΝΟΜΟΣ ΑΧΑΪΑΣ,2.214,2.463,1.965,1.122,,
2022-07-23,ΝΟΜΟΣ ΑΧΑΪΑΣ,2.2,2.457,1.956,1.123,,
2022-07-24,ΝΟΜΟΣ ΑΧΑΪΑΣ,2.197,2.452,1.952,1.122,,
2022-07-25,ΝΟΜΟΣ ΑΧΑΪΑΣ,2.185,2.449,1.122,,,1.946
2022-07-26,ΝΟΜΟΣ ΑΧΑΪΑΣ,2.168,2.436,1.121,,,1.922
2022-07-27,ΝΟΜΟΣ ΑΧΑΪΑΣ,2.16,2.418,1.914,1.116,,
2022-07-28,ΝΟΜΟΣ ΑΧΑΪΑΣ,2.155,2.414,1.907,1.114,,
2022-07-29,ΝΟΜΟΣ ΑΧΑΪΑΣ,2.152,2.403,1.905,1.112,,
2022-07-30,ΝΟΜΟΣ ΑΧΑΪΑΣ,2.154,2.405,1.905,1.11,,
2022-07-31,ΝΟΜΟΣ ΑΧΑΪΑΣ,2.154,2.407,1.905,1.11,,
2022-08-01,ΝΟΜΟΣ ΑΧΑΪΑΣ,2.152,2.408,1.905,1.108,,
2022-08-02,ΝΟΜΟΣ ΑΧΑΪΑΣ,2.15,2.411,1.903,1.107,,
2022-08-03,ΝΟΜΟΣ ΑΧΑΪΑΣ,2.145,2.405,1.893,1.106,,
2022-08-04,ΝΟΜΟΣ ΑΧΑΪΑΣ,2.139,2.396,1.886,1.106,,
2022-08-05,ΝΟΜΟΣ ΑΧΑΪΑΣ,2.124,2.374,1.871,1.104,,
2022-08-06,ΝΟΜΟΣ ΑΧΑΪΑΣ,2.104,2.361,1.857,1.101,,
2022-08-07,ΝΟΜΟΣ ΑΧΑΪΑΣ,2.098,2.36,1.854,1.101,,
2022-08-08,ΝΟΜΟΣ ΑΧΑΪΑΣ,2.08,2.348,1.844,1.096,,
2022-08-09,ΝΟΜΟΣ ΑΧΑΪΑΣ,2.069,2.342,1.833,1.096,,
2022-08-10,ΝΟΜΟΣ ΑΧΑΪΑΣ,2.056,2.322,1.824,1.091,,
2022-08-11,ΝΟΜΟΣ ΑΧΑΪΑΣ,2.044,2.304,1.815,1.085,,
2022-08-12,ΝΟΜΟΣ ΑΧΑΪΑΣ,2.041,2.287,1.811,1.077,,
2022-08-13,ΝΟΜΟΣ ΑΧΑΪΑΣ,2.039,2.293,1.811,1.077,,
2022-08-14,ΝΟΜΟΣ ΑΧΑΪΑΣ,2.04,2.294,1.811,1.077,,
2022-08-15,ΝΟΜΟΣ ΑΧΑΪΑΣ,2.04,2.3,1.812,1.077,,
2022-08-16,ΝΟΜΟΣ ΑΧΑΪΑΣ,2.039,2.302,1.815,1.072,,
2022-08-17,ΝΟΜΟΣ ΑΧΑΪΑΣ,2.043,2.302,1.822,1.072,,
2022-08-18,ΝΟΜΟΣ ΑΧΑΪΑΣ,2.045,2.299,1.828,1.072,,
2022-08-19,ΝΟΜΟΣ ΑΧΑΪΑΣ,2.044,2.291,1.836,1.066,,
2022-08-20,ΝΟΜΟΣ ΑΧΑΪΑΣ,2.044,2.292,1.844,1.064,,
2022-08-21,ΝΟΜΟΣ ΑΧΑΪΑΣ,2.044,2.291,1.845,1.064,,
2022-08-22,ΝΟΜΟΣ ΑΧΑΪΑΣ,2.044,2.297,1.853,1.062,,
2022-08-23,ΝΟΜΟΣ ΑΧΑΪΑΣ,2.046,2.299,1.862,1.06,,1.847
2022-08-24,ΝΟΜΟΣ ΑΧΑΪΑΣ,2.051,2.296,1.879,1.057,,
2022-08-25,ΝΟΜΟΣ ΑΧΑΪΑΣ,2.055,2.301,1.901,1.057,,
2022-08-26,ΝΟΜΟΣ ΑΧΑΪΑΣ,2.057,2.296,1.925,1.055,,
2022-08-27,ΝΟΜΟΣ ΑΧΑΪΑΣ,2.054,2.294,1.941,1.054,,
2022-08-28,ΝΟΜΟΣ ΑΧΑΪΑΣ,2.055,2.295,1.948,1.054,,
2022-08-29,ΝΟΜΟΣ ΑΧΑΪΑΣ,2.054,2.299,1.959,1.053,,
2022-08-30,ΝΟΜΟΣ ΑΧΑΪΑΣ,2.055,2.301,1.97,1.052,,
2022-08-31,ΝΟΜΟΣ ΑΧΑΪΑΣ,2.05,2.297,1.979,1.052,,
2022-09-01,ΝΟΜΟΣ ΑΧΑΪΑΣ,2.042,2.293,1.979,1.052,,
2022-09-02,ΝΟΜΟΣ ΑΧΑΪΑΣ,2.029,2.273,1.972,1.053,,
2022-09-03,ΝΟΜΟΣ ΑΧΑΪΑΣ,2.013,2.269,1.964,1.052,,
2022-09-04,ΝΟΜΟΣ ΑΧΑΪΑΣ,2.009,2.268,1.962,1.052,,
2022-09-05,ΝΟΜΟΣ ΑΧΑΪΑΣ,2.0,2.264,1.952,1.052,,
2022-09-06,ΝΟΜΟΣ ΑΧΑΪΑΣ,1.991,2.257,1.942,1.051,,
2022-09-07,ΝΟΜΟΣ ΑΧΑΪΑΣ,1.984,2.241,1.938,1.053,,
2022-09-08,ΝΟΜΟΣ ΑΧΑΪΑΣ,1.98,2.239,1.935,1.053,,
2022-09-09,ΝΟΜΟΣ ΑΧΑΪΑΣ,1.973,2.224,1.932,1.053,,
2022-09-10,ΝΟΜΟΣ ΑΧΑΪΑΣ,1.969,2.225,1.929,1.054,,
2022-09-11,ΝΟΜΟΣ ΑΧΑΪΑΣ,1.968,2.224,1.928,1.053,,
2022-09-12,ΝΟΜΟΣ ΑΧΑΪΑΣ,1.966,2.217,1.923,1.052,,
2022-09-13,ΝΟΜΟΣ ΑΧΑΪΑΣ,1.962,2.216,1.918,1.04,,
2022-09-14,ΝΟΜΟΣ ΑΧΑΪΑΣ,1.96,2.213,1.914,1.041,,
2022-09-15,ΝΟΜΟΣ ΑΧΑΪΑΣ,1.957,2.215,1.909,1.04,,
2022-09-16,ΝΟΜΟΣ ΑΧΑΪΑΣ,1.955,2.202,1.896,1.039,,
2022-09-17,ΝΟΜΟΣ ΑΧΑΪΑΣ,1.956,2.205,1.885,1.038,,
2022-09-18,ΝΟΜΟΣ ΑΧΑΪΑΣ,1.956,2.207,1.881,1.038,,
2022-09-19,ΝΟΜΟΣ ΑΧΑΪΑΣ,1.955,2.214,1.871,1.041,,
2022-09-20,ΝΟΜΟΣ ΑΧΑΪΑΣ,1.955,2.215,1.04,,,1.858
2022-09-21,ΝΟΜΟΣ ΑΧΑΪΑΣ,1.955,2.21,1.038,,,1.85
2022-09-22,ΝΟΜΟΣ ΑΧΑΪΑΣ,1.954,2.21,1.039,,,1.839
2022-09-23,ΝΟΜΟΣ ΑΧΑΪΑΣ,1.954,2.202,1.835,1.039,,
2022-09-24,ΝΟΜΟΣ ΑΧΑΪΑΣ,1.952,2.202,1.834,1.034,,
2022-09-25,ΝΟΜΟΣ ΑΧΑΪΑΣ,1.952,2.201,1.831,1.032,,
2022-09-26,ΝΟΜΟΣ ΑΧΑΪΑΣ,1.954,2.203,1.832,1.03,,
2022-09-27,ΝΟΜΟΣ ΑΧΑΪΑΣ,1.955,2.206,1.83,1.027,,
2022-09-28,ΝΟΜΟΣ ΑΧΑΪΑΣ,1.956,2.198,1.832,1.027,,
2022-09-29,ΝΟΜΟΣ ΑΧΑΪΑΣ,1.962,2.2,1.022,,,1.834
2022-09-30,ΝΟΜΟΣ ΑΧΑΪΑΣ,1.974,2.193,1.022,,,1.843
2022-10-01,ΝΟΜΟΣ ΑΧΑΪΑΣ,1.985,2.198,1.022,,,1.875
2022-10-02,ΝΟΜΟΣ ΑΧΑΪΑΣ,1.987,2.202,1.02,,,1.886
2022-10-03,ΝΟΜΟΣ ΑΧΑΪΑΣ,1.992,2.209,1.02,,,1.916
2022-10-04,ΝΟΜΟΣ ΑΧΑΪΑΣ,1.995,2.212,1.021,,,1.938
2022-10-05,ΝΟΜΟΣ ΑΧΑΪΑΣ,1.997,2.208,1.017,,,1.959
2022-10-06,ΝΟΜΟΣ ΑΧΑΪΑΣ,1.999,2.212,1.977,1.019,,
2022-10-07,ΝΟΜΟΣ ΑΧΑΪΑΣ,2.006,2.211,1.021,,,2.005
2022-10-08,ΝΟΜΟΣ ΑΧΑΪΑΣ,2.018,2.222,1.023,,,2.052
2022-10-09,ΝΟΜΟΣ ΑΧΑΪΑΣ,2.019,2.222,1.023,,,2.058
2022-10-10,ΝΟΜΟΣ ΑΧΑΪΑΣ,2.023,2.232,1.025,,,2.079
2022-10-11,ΝΟΜΟΣ ΑΧΑΪΑΣ,2.032,2.242,1.033,,,2.113
2022-10-12,ΝΟΜΟΣ ΑΧΑΪΑΣ,2.038,2.248,2.136,1.045,,
2022-10-13,ΝΟΜΟΣ ΑΧΑΪΑΣ,2.041,2.249,1.051,,,2.146
2022-10-14,ΝΟΜΟΣ ΑΧΑΪΑΣ,2.043,2.242,2.158,1.052,1.398,
2022-10-15,ΝΟΜΟΣ ΑΧΑΪΑΣ,2.043,2.244,2.159,1.053,1.405,
2022-10-16,ΝΟΜΟΣ ΑΧΑΪΑΣ,2.043,2.245,1.053,1.406,,2.159
2022-10-17,ΝΟΜΟΣ ΑΧΑΪΑΣ,2.04,2.249,2.16,1.057,1.409,
2022-10-18,ΝΟΜΟΣ ΑΧΑΪΑΣ,2.038,2.258,1.056,1.409,,2.159
2022-10-19,ΝΟΜΟΣ ΑΧΑΪΑΣ,2.037,2.256,2.16,1.055,1.412,
2022-10-20,ΝΟΜΟΣ ΑΧΑΪΑΣ,2.033,2.254,2.158,1.053,1.41,
2022-10-21,ΝΟΜΟΣ ΑΧΑΪΑΣ,2.029,2.244,2.155,1.05,1.407,
2022-10-22,ΝΟΜΟΣ ΑΧΑΪΑΣ,2.029,2.245,2.154,1.048,1.406,
2022-10-23,ΝΟΜΟΣ ΑΧΑΪΑΣ,2.029,2.245,2.153,1.048,1.405,
2022-10-24,ΝΟΜΟΣ ΑΧΑΪΑΣ,2.027,2.248,2.149,1.049,1.402,
2022-10-25,ΝΟΜΟΣ ΑΧΑΪΑΣ,2.025,2.25,1.048,1.399,,2.142
2022-10-26,ΝΟΜΟΣ ΑΧΑΪΑΣ,2.025,2.245,2.137,1.05,1.397,
2022-10-27,ΝΟΜΟΣ ΑΧΑΪΑΣ,2.027,2.246,1.051,1.395,,2.129
2022-10-28,ΝΟΜΟΣ ΑΧΑΪΑΣ,2.028,2.234,1.051,1.394,,2.126
2022-10-29,ΝΟΜΟΣ ΑΧΑΪΑΣ,2.034,2.235,1.051,1.392,,2.121
2022-10-30,ΝΟΜΟΣ ΑΧΑΪΑΣ,2.035,2.239,1.051,1.392,,2.119
2022-10-31,ΝΟΜΟΣ ΑΧΑΪΑΣ,2.038,2.247,1.051,1.392,,2.117
2022-11-01,ΝΟΜΟΣ ΑΧΑΪΑΣ,2.043,2.251,1.05,1.385,,2.111
2022-11-02,ΝΟΜΟΣ ΑΧΑΪΑΣ,2.05,2.254,2.107,1.049,1.376,
2022-11-03,ΝΟΜΟΣ ΑΧΑΪΑΣ,2.055,2.261,2.101,1.05,1.367,
2022-11-04,ΝΟΜΟΣ ΑΧΑΪΑΣ,2.07,2.254,1.046,1.36,,1.985
2022-11-05,ΝΟΜΟΣ ΑΧΑΪΑΣ,2.082,2.261,2.098,1.045,1.355,
2022-11-06,ΝΟΜΟΣ ΑΧΑΪΑΣ,2.091,2.274,2.099,1.045,1.352,
2022-11-07,ΝΟΜΟΣ ΑΧΑΪΑΣ,2.102,2.29,2.098,1.045,1.349,
2022-11-08,ΝΟΜΟΣ ΑΧΑΪΑΣ,2.114,2.305,1.039,1.347,,2.103
2022-11-09,ΝΟΜΟΣ ΑΧΑΪΑΣ,2.12,2.311,1.039,1.348,,2.105
2022-11-10,ΝΟΜΟΣ ΑΧΑΪΑΣ,2.121,2.307,1.042,1.346,,2.104
2022-11-11,ΝΟΜΟΣ ΑΧΑΪΑΣ,2.121,2.296,2.099,1.044,1.34,
2022-11-12,ΝΟΜΟΣ ΑΧΑΪΑΣ,2.118,2.288,2.087,1.04,1.333,
2022-11-13,ΝΟΜΟΣ ΑΧΑΪΑΣ,2.117,2.289,2.084,1.04,1.329,
2022-11-14,ΝΟΜΟΣ ΑΧΑΪΑΣ,2.113,2.287,2.075,1.039,1.318,
2022-11-15,ΝΟΜΟΣ ΑΧΑΪΑΣ,2.107,2.278,1.038,1.301,,2.063
2022-11-16,ΝΟΜΟΣ ΑΧΑΪΑΣ,2.1,2.284,2.048,1.037,1.287,
2022-11-17,ΝΟΜΟΣ ΑΧΑΪΑΣ,2.089,2.279,2.03,1.036,1.278,
2022-11-18,ΝΟΜΟΣ ΑΧΑΪΑΣ,2.079,2.267,2.015,1.033,1.265,
2022-11-19,ΝΟΜΟΣ ΑΧΑΪΑΣ,2.065,2.258,2.001,1.033,1.253,
2022-11-20,ΝΟΜΟΣ ΑΧΑΪΑΣ,2.059,2.255,1.997,1.031,1.249,
2022-11-21,ΝΟΜΟΣ ΑΧΑΪΑΣ,2.045,2.25,1.989,1.031,1.237,
2022-11-22,ΝΟΜΟΣ ΑΧΑΪΑΣ,2.035,2.237,1.03,1.227,,1.979
2022-11-23,ΝΟΜΟΣ ΑΧΑΪΑΣ,2.026,2.24,1.029,1.215,,1.971
2022-11-24,ΝΟΜΟΣ ΑΧΑΪΑΣ,2.012,2.224,1.958,1.027,1.209,
2022-11-25,ΝΟΜΟΣ ΑΧΑΪΑΣ,2.0,2.207,1.95,1.027,1.199,
2022-11-26,ΝΟΜΟΣ ΑΧΑΪΑΣ,1.989,2.202,1.94,1.027,1.193,
2022-11-27,ΝΟΜΟΣ ΑΧΑΪΑΣ,1.987,2.204,1.938,1.026,1.19,
2022-11-28,ΝΟΜΟΣ ΑΧΑΪΑΣ,1.981,2.202,1.03,1.183,,1.929
2022-11-29,ΝΟΜΟΣ ΑΧΑΪΑΣ,1.978,2.194,1.027,1.175,,1.923
2022-11-30,ΝΟΜΟΣ ΑΧΑΪΑΣ,1.974,2.198,1.916,1.025,1.17,
2022-12-01,ΝΟΜΟΣ ΑΧΑΪΑΣ,1.972,2.195,1.91,1.025,1.174,
2022-12-02,ΝΟΜΟΣ ΑΧΑΪΑΣ,1.969,2.188,1.904,1.025,1.178,
2022-12-03,ΝΟΜΟΣ ΑΧΑΪΑΣ,1.966,2.181,1.899,1.025,1.183,
2022-12-04,ΝΟΜΟΣ ΑΧΑΪΑΣ,1.965,2.182,1.899,1.025,1.183,
2022-12-05,ΝΟΜΟΣ ΑΧΑΪΑΣ,1.961,2.179,1.028,1.183,,1.893
2022-12-06,ΝΟΜΟΣ ΑΧΑΪΑΣ,1.956,2.173,1.024,1.184,,1.891
2022-12-07,ΝΟΜΟΣ ΑΧΑΪΑΣ,1.942,2.173,1.023,1.176,,1.881
2022-12-08,ΝΟΜΟΣ ΑΧΑΪΑΣ,1.929,2.158,1.868,1.022,1.164,
2022-12-09,ΝΟΜΟΣ ΑΧΑΪΑΣ,1.901,2.129,1.845,1.016,1.146,
2022-12-10,ΝΟΜΟΣ ΑΧΑΪΑΣ,1.871,2.106,1.824,1.014,1.128,
2022-12-11,ΝΟΜΟΣ ΑΧΑΪΑΣ,1.867,2.105,1.82,1.014,1.125,
2022-12-12,ΝΟΜΟΣ ΑΧΑΪΑΣ,1.85,2.091,1.802,1.012,1.115,
2022-12-13,ΝΟΜΟΣ ΑΧΑΪΑΣ,1.84,2.076,1.788,1.01,1.105,
2022-12-14,ΝΟΜΟΣ ΑΧΑΪΑΣ,1.835,2.081,1.784,1.002,1.101,
2022-12-15,ΝΟΜΟΣ ΑΧΑΪΑΣ,1.831,2.075,1.784,1.003,1.105,
2022-12-16,ΝΟΜΟΣ ΑΧΑΪΑΣ,1.833,2.068,0.998,1.116,,1.79
2022-12-17,ΝΟΜΟΣ ΑΧΑΪΑΣ,1.832,2.066,0.995,1.119,,1.792
2022-12-18,ΝΟΜΟΣ ΑΧΑΪΑΣ,1.83,2.066,0.995,1.12,,1.792
2022-12-19,ΝΟΜΟΣ ΑΧΑΪΑΣ,1.831,2.062,0.995,1.122,,1.796
2022-12-20,ΝΟΜΟΣ ΑΧΑΪΑΣ,1.832,2.059,0.994,1.126,,1.799
2022-12-21,ΝΟΜΟΣ ΑΧΑΪΑΣ,1.832,2.066,0.993,1.129,,1.8
2022-12-22,ΝΟΜΟΣ ΑΧΑΪΑΣ,1.832,2.066,1.801,0.993,1.129,
2022-12-23,ΝΟΜΟΣ ΑΧΑΪΑΣ,1.832,2.061,1.8,0.991,1.129,
2022-12-24,ΝΟΜΟΣ ΑΧΑΪΑΣ,1.833,2.063,1.8,0.991,1.129,
2022-12-25,ΝΟΜΟΣ ΑΧΑΪΑΣ,1.833,2.063,1.8,0.991,1.129,
2022-12-26,ΝΟΜΟΣ ΑΧΑΪΑΣ,1.835,2.069,1.8,0.989,1.129,
2022-12-27,ΝΟΜΟΣ ΑΧΑΪΑΣ,1.836,2.067,0.988,1.129,,1.799
2022-12-28,ΝΟΜΟΣ ΑΧΑΪΑΣ,1.842,2.074,1.8,0.982,1.13,
2022-12-29,ΝΟΜΟΣ ΑΧΑΪΑΣ,1.845,2.072,1.802,0.979,1.131,
2022-12-30,ΝΟΜΟΣ ΑΧΑΪΑΣ,1.854,2.071,1.805,0.977,1.134,
2022-12-31,ΝΟΜΟΣ ΑΧΑΪΑΣ,1.855,2.072,1.807,0.976,1.137,
2023-01-01,ΝΟΜΟΣ ΑΧΑΪΑΣ,1.855,2.072,1.807,0.976,1.14,
2023-01-02,ΝΟΜΟΣ ΑΧΑΪΑΣ,1.86,2.072,1.809,0.974,1.172,
2023-01-03,ΝΟΜΟΣ ΑΧΑΪΑΣ,1.865,2.073,1.811,0.973,1.207,
2023-01-04,ΝΟΜΟΣ ΑΧΑΪΑΣ,1.869,2.084,1.811,0.973,1.237,
2023-01-05,ΝΟΜΟΣ ΑΧΑΪΑΣ,1.87,2.084,1.811,0.974,1.248,
2023-01-06,ΝΟΜΟΣ ΑΧΑΪΑΣ,1.87,2.079,1.812,0.974,1.25,
2023-01-07,ΝΟΜΟΣ ΑΧΑΪΑΣ,1.869,2.079,1.81,0.973,1.25,
2023-01-08,ΝΟΜΟΣ ΑΧΑΪΑΣ,1.869,2.079,1.81,0.971,1.25,
2023-01-09,ΝΟΜΟΣ ΑΧΑΪΑΣ,1.868,2.079,1.805,0.975,1.251,
2023-01-10,ΝΟΜΟΣ ΑΧΑΪΑΣ,1.867,2.073,1.799,0.975,1.25,
2023-01-11,ΝΟΜΟΣ ΑΧΑΪΑΣ,1.865,2.077,1.794,0.977,1.246,
2023-01-12,ΝΟΜΟΣ ΑΧΑΪΑΣ,1.859,2.073,1.792,0.979,1.247,
2023-01-13,ΝΟΜΟΣ ΑΧΑΪΑΣ,1.86,2.069,1.791,0.979,1.249,
2023-01-14,ΝΟΜΟΣ ΑΧΑΪΑΣ,1.863,2.071,1.793,0.98,1.25,
2023-01-15,ΝΟΜΟΣ ΑΧΑΪΑΣ,1.863,2.071,1.793,0.981,1.252,
2023-01-16,ΝΟΜΟΣ ΑΧΑΪΑΣ,1.866,2.071,1.794,0.982,1.253,
2023-01-17,ΝΟΜΟΣ ΑΧΑΪΑΣ,1.872,2.066,1.797,0.983,1.26,
2023-01-18,ΝΟΜΟΣ ΑΧΑΪΑΣ,1.88,2.081,1.802,0.99,1.264,
2023-01-19,ΝΟΜΟΣ ΑΧΑΪΑΣ,1.886,2.084,1.806,0.994,1.269,
2023-01-20,ΝΟΜΟΣ ΑΧΑΪΑΣ,1.892,2.08,1.809,0.998,1.275,
2023-01-21,ΝΟΜΟΣ ΑΧΑΪΑΣ,1.899,2.086,1.813,0.999,1.28,
2023-01-22,ΝΟΜΟΣ ΑΧΑΪΑΣ,1.901,2.088,1.813,0.999,1.281,
2023-01-23,ΝΟΜΟΣ ΑΧΑΪΑΣ,1.905,2.091,1.816,1.001,1.285,
2023-01-24,ΝΟΜΟΣ ΑΧΑΪΑΣ,1.914,2.094,1.824,1.001,1.292,
2023-01-25,ΝΟΜΟΣ ΑΧΑΪΑΣ,1.92,2.112,1.828,1.005,1.298,
2023-01-26,ΝΟΜΟΣ ΑΧΑΪΑΣ,1.92,2.112,1.828,1.005,1.298,
2023-01-27,ΝΟΜΟΣ ΑΧΑΪΑΣ,1.927,2.109,1.835,1.008,1.303,
2023-01-28,ΝΟΜΟΣ ΑΧΑΪΑΣ,1.929,2.112,1.835,1.013,1.302,
2023-01-29,ΝΟΜΟΣ ΑΧΑΪΑΣ,1.929,2.112,1.835,1.013,1.302,
2023-01-30,ΝΟΜΟΣ ΑΧΑΪΑΣ,1.93,2.112,1.836,1.014,1.301,
2023-01-31,ΝΟΜΟΣ ΑΧΑΪΑΣ,1.93,2.106,1.832,1.016,1.299,
2023-02-01,ΝΟΜΟΣ ΑΧΑΪΑΣ,1.931,2.117,1.827,1.019,1.293,
2023-02-02,ΝΟΜΟΣ ΑΧΑΪΑΣ,1.93,2.116,1.821,1.02,1.284,
2023-02-03,ΝΟΜΟΣ ΑΧΑΪΑΣ,1.928,2.108,1.812,1.02,1.271,
2023-02-04,ΝΟΜΟΣ ΑΧΑΪΑΣ,1.925,2.106,1.801,1.02,1.259,
2023-02-05,ΝΟΜΟΣ ΑΧΑΪΑΣ,1.924,2.106,1.798,1.02,1.253,
2023-02-07,ΝΟΜΟΣ ΑΧΑΪΑΣ,1.914,2.095,1.765,1.019,1.229,
2023-02-08,ΝΟΜΟΣ ΑΧΑΪΑΣ,1.912,2.101,1.756,1.019,1.218,
2023-02-09,ΝΟΜΟΣ ΑΧΑΪΑΣ,1.908,2.099,1.745,1.02,1.208,
2023-02-10,ΝΟΜΟΣ ΑΧΑΪΑΣ,1.907,2.091,1.74,1.019,1.206,
2023-02-11,ΝΟΜΟΣ ΑΧΑΪΑΣ,1.907,2.092,1.736,1.017,1.205,
2023-02-12,ΝΟΜΟΣ ΑΧΑΪΑΣ,1.907,2.093,1.735,1.017,1.208,
2023-02-13,ΝΟΜΟΣ ΑΧΑΪΑΣ,1.908,2.092,1.73,1.016,1.204,
2023-02-14,ΝΟΜΟΣ ΑΧΑΪΑΣ,1.91,2.092,1.73,1.015,1.205,
2023-02-15,ΝΟΜΟΣ ΑΧΑΪΑΣ,1.912,2.103,1.731,1.015,1.205,
2023-02-16,ΝΟΜΟΣ ΑΧΑΪΑΣ,1.913,2.105,1.732,1.016,1.205,
2023-02-17,ΝΟΜΟΣ ΑΧΑΪΑΣ,1.914,2.102,1.731,1.015,1.206,
2023-02-18,ΝΟΜΟΣ ΑΧΑΪΑΣ,1.913,2.103,1.731,1.016,1.205,
2023-02-19,ΝΟΜΟΣ ΑΧΑΪΑΣ,1.913,2.104,1.73,1.016,1.204,
2023-02-20,ΝΟΜΟΣ ΑΧΑΪΑΣ,1.913,2.107,1.73,1.016,1.202,
2023-02-21,ΝΟΜΟΣ ΑΧΑΪΑΣ,1.913,2.102,1.729,1.015,1.201,
2023-02-22,ΝΟΜΟΣ ΑΧΑΪΑΣ,1.914,2.107,1.724,1.015,1.2,
2023-02-23,ΝΟΜΟΣ ΑΧΑΪΑΣ,1.913,2.106,1.719,1.015,1.198,
2023-02-24,ΝΟΜΟΣ ΑΧΑΪΑΣ,1.911,2.099,1.715,1.015,1.196,
2023-02-25,ΝΟΜΟΣ ΑΧΑΪΑΣ,1.91,2.099,1.713,1.017,1.194,
2023-02-26,ΝΟΜΟΣ ΑΧΑΪΑΣ,1.91,2.1,1.713,1.017,1.194,
2023-02-27,ΝΟΜΟΣ ΑΧΑΪΑΣ,1.91,2.101,1.712,1.019,1.194,
2023-02-28,ΝΟΜΟΣ ΑΧΑΪΑΣ,1.908,2.095,1.709,1.018,1.193,
2023-03-05,ΝΟΜΟΣ ΑΧΑΪΑΣ,1.909,2.098,1.721,1.025,1.202,
2023-03-11,ΝΟΜΟΣ ΑΧΑΪΑΣ,1.919,2.105,1.729,1.037,1.209,
2023-03-12,ΝΟΜΟΣ ΑΧΑΪΑΣ,1.919,2.105,1.728,1.037,1.209,
2023-03-13,ΝΟΜΟΣ ΑΧΑΪΑΣ,1.92,2.105,1.727,1.04,1.207,
2023-03-14,ΝΟΜΟΣ ΑΧΑΪΑΣ,1.919,2.1,1.725,1.038,1.207,
2023-03-15,ΝΟΜΟΣ ΑΧΑΪΑΣ,1.919,2.109,1.728,1.035,1.206,
2023-03-16,ΝΟΜΟΣ ΑΧΑΪΑΣ,1.918,2.109,1.721,1.03,1.203,
2023-03-20,ΝΟΜΟΣ ΑΧΑΪΑΣ,1.909,2.098,1.7,1.024,1.187,
2023-03-21,ΝΟΜΟΣ ΑΧΑΪΑΣ,1.904,2.091,1.693,1.022,1.18,
2023-03-22,ΝΟΜΟΣ ΑΧΑΪΑΣ,1.903,2.099,1.687,1.018,1.176,
2023-03-23,ΝΟΜΟΣ ΑΧΑΪΑΣ,1.902,2.099,1.684,1.014,1.172,
2023-03-24,ΝΟΜΟΣ ΑΧΑΪΑΣ,1.903,2.094,1.681,1.013,1.17,
2023-03-25,ΝΟΜΟΣ ΑΧΑΪΑΣ,1.903,2.096,1.681,1.013,1.17,
2023-03-26,ΝΟΜΟΣ ΑΧΑΪΑΣ,1.903,2.097,1.68,1.013,1.17,
2023-03-29,ΝΟΜΟΣ ΑΧΑΪΑΣ,1.918,2.112,1.673,1.01,1.163,
2023-03-31,ΝΟΜΟΣ ΑΧΑΪΑΣ,1.924,2.108,1.67,1.009,1.158,
2023-04-01,ΝΟΜΟΣ ΑΧΑΪΑΣ,1.927,2.112,1.668,1.005,1.165,
2023-04-02,ΝΟΜΟΣ ΑΧΑΪΑΣ,1.927,2.112,1.667,1.005,1.167,
2023-04-04,ΝΟΜΟΣ ΑΧΑΪΑΣ,1.932,2.108,1.661,1.007,1.212,
2023-04-05,ΝΟΜΟΣ ΑΧΑΪΑΣ,1.934,2.121,1.661,1.007,1.223,
2023-04-06,ΝΟΜΟΣ ΑΧΑΪΑΣ,1.936,2.121,1.661,1.008,1.237,
2023-04-07,ΝΟΜΟΣ ΑΧΑΪΑΣ,1.941,2.118,1.662,1.008,1.243,
2023-04-09,ΝΟΜΟΣ ΑΧΑΪΑΣ,1.946,2.12,1.663,1.005,1.252,
2023-04-10,ΝΟΜΟΣ ΑΧΑΪΑΣ,1.949,2.115,1.662,1.005,1.258,
2023-04-11,ΝΟΜΟΣ ΑΧΑΪΑΣ,1.951,2.122,1.662,1.004,1.263,
2023-04-12,ΝΟΜΟΣ ΑΧΑΪΑΣ,1.954,2.126,1.662,1.005,1.263,
2023-04-13,ΝΟΜΟΣ ΑΧΑΪΑΣ,1.956,2.127,1.006,1.263,,1.663
2023-04-14,ΝΟΜΟΣ ΑΧΑΪΑΣ,1.956,2.12,1.006,1.263,,1.664
2023-04-15,ΝΟΜΟΣ ΑΧΑΪΑΣ,1.957,2.123,1.664,1.006,1.266,
2023-04-16,ΝΟΜΟΣ ΑΧΑΪΑΣ,1.957,2.125,1.664,1.006,1.267,
2023-04-17,ΝΟΜΟΣ ΑΧΑΪΑΣ,1.957,2.14,1.664,1.006,1.268,
2023-04-18,ΝΟΜΟΣ ΑΧΑΪΑΣ,1.956,2.132,1.663,1.005,1.268,
2023-04-19,ΝΟΜΟΣ ΑΧΑΪΑΣ,1.949,2.137,1.659,1.001,1.266,
2023-04-20,ΝΟΜΟΣ ΑΧΑΪΑΣ,1.948,2.135,1.657,1.001,1.265,
2023-04-21,ΝΟΜΟΣ ΑΧΑΪΑΣ,1.942,2.124,1.651,1.0,1.267,
2023-04-22,ΝΟΜΟΣ ΑΧΑΪΑΣ,1.937,2.122,1.647,0.999,1.265,
2023-04-23,ΝΟΜΟΣ ΑΧΑΪΑΣ,1.934,2.121,1.646,0.999,1.264,
2023-04-24,ΝΟΜΟΣ ΑΧΑΪΑΣ,1.924,2.117,1.64,1.007,1.263,
2023-04-25,ΝΟΜΟΣ ΑΧΑΪΑΣ,1.914,2.111,1.631,1.006,1.261,
2023-04-26,ΝΟΜΟΣ ΑΧΑΪΑΣ,1.907,2.115,1.623,1.003,1.26,
2023-04-27,ΝΟΜΟΣ ΑΧΑΪΑΣ,1.901,2.112,1.618,1.005,1.258,
2023-04-28,ΝΟΜΟΣ ΑΧΑΪΑΣ,1.891,2.096,1.611,1.001,1.258,
2023-04-29,ΝΟΜΟΣ ΑΧΑΪΑΣ,1.887,2.094,1.605,0.997,1.257,
2023-04-30,ΝΟΜΟΣ ΑΧΑΪΑΣ,1.885,2.093,1.604,0.993,1.254,
2023-05-01,ΝΟΜΟΣ ΑΧΑΪΑΣ,1.884,2.093,1.602,0.993,1.255,
2023-05-02,ΝΟΜΟΣ ΑΧΑΪΑΣ,1.878,2.08,1.595,0.984,1.254,
2023-05-03,ΝΟΜΟΣ ΑΧΑΪΑΣ,1.873,2.086,1.588,0.976,,
2023-05-04,ΝΟΜΟΣ ΑΧΑΪΑΣ,1.868,2.079,1.579,0.975,,
2023-05-05,ΝΟΜΟΣ ΑΧΑΪΑΣ,1.859,2.067,1.569,0.968,,
2023-05-06,ΝΟΜΟΣ ΑΧΑΪΑΣ,1.847,2.06,1.559,0.964,,
2023-05-07,ΝΟΜΟΣ ΑΧΑΪΑΣ,1.845,2.059,1.558,0.952,,
2023-05-08,ΝΟΜΟΣ ΑΧΑΪΑΣ,1.838,2.054,1.551,0.947,,
2023-05-10,ΝΟΜΟΣ ΑΧΑΪΑΣ,1.826,2.051,1.539,0.939,,
2023-05-11,ΝΟΜΟΣ ΑΧΑΪΑΣ,1.824,2.047,1.538,0.939,,
2023-05-12,ΝΟΜΟΣ ΑΧΑΪΑΣ,1.827,2.046,1.541,0.937,,
2023-05-13,ΝΟΜΟΣ ΑΧΑΪΑΣ,1.83,2.049,1.543,0.936,,
2023-05-14,ΝΟΜΟΣ ΑΧΑΪΑΣ,1.831,2.05,1.543,0.935,,
2023-05-15,ΝΟΜΟΣ ΑΧΑΪΑΣ,1.833,2.051,1.545,0.935,,
2023-05-17,ΝΟΜΟΣ ΑΧΑΪΑΣ,1.834,2.058,1.546,0.932,,
2023-05-18,ΝΟΜΟΣ ΑΧΑΪΑΣ,1.835,2.059,1.55,0.933,,
2023-05-19,ΝΟΜΟΣ ΑΧΑΪΑΣ,1.837,2.056,1.554,0.935,,
2023-05-20,ΝΟΜΟΣ ΑΧΑΪΑΣ,1.84,2.059,1.557,0.936,,
2023-05-21,ΝΟΜΟΣ ΑΧΑΪΑΣ,1.841,2.058,1.556,0.935,,
2023-05-22,ΝΟΜΟΣ ΑΧΑΪΑΣ,1.841,2.06,1.558,0.935,,
2023-05-23,ΝΟΜΟΣ ΑΧΑΪΑΣ,1.843,2.057,1.559,0.935,,
2023-05-24,ΝΟΜΟΣ ΑΧΑΪΑΣ,1.848,2.066,1.561,0.934,,
2023-05-25,ΝΟΜΟΣ ΑΧΑΪΑΣ,1.852,2.064,1.564,0.933,,
2023-05-26,ΝΟΜΟΣ ΑΧΑΪΑΣ,1.858,2.065,1.566,0.93,,
2023-05-27,ΝΟΜΟΣ ΑΧΑΪΑΣ,1.865,2.071,1.568,0.929,,
2023-05-28,ΝΟΜΟΣ ΑΧΑΪΑΣ,1.865,2.071,1.569,0.929,,
2023-05-29,ΝΟΜΟΣ ΑΧΑΪΑΣ,1.87,2.076,1.569,0.928,,
2023-05-30,ΝΟΜΟΣ ΑΧΑΪΑΣ,1.873,2.072,1.569,0.924,,
2023-05-31,ΝΟΜΟΣ ΑΧΑΪΑΣ,1.875,2.083,1.569,0.923,,
2023-06-02,ΝΟΜΟΣ ΑΧΑΪΑΣ,1.875,2.075,1.57,0.924,,
2023-06-03,ΝΟΜΟΣ ΑΧΑΪΑΣ,1.874,2.074,1.57,0.923,,
2023-06-04,ΝΟΜΟΣ ΑΧΑΪΑΣ,1.874,2.076,1.57,0.923,,
2023-06-05,ΝΟΜΟΣ ΑΧΑΪΑΣ,1.874,2.076,1.57,0.923,,
2023-06-06,ΝΟΜΟΣ ΑΧΑΪΑΣ,1.874,2.07,1.57,0.922,,
2023-06-07,ΝΟΜΟΣ ΑΧΑΪΑΣ,1.874,2.08,1.571,0.924,,
2023-06-08,ΝΟΜΟΣ ΑΧΑΪΑΣ,1.877,2.08,1.575,0.922,,
2023-06-09,ΝΟΜΟΣ ΑΧΑΪΑΣ,1.88,2.078,1.579,0.922,,
2023-06-10,ΝΟΜΟΣ ΑΧΑΪΑΣ,1.884,2.082,1.582,0.921,,
2023-06-11,ΝΟΜΟΣ ΑΧΑΪΑΣ,1.884,2.084,1.582,0.921,,
2023-06-12,ΝΟΜΟΣ ΑΧΑΪΑΣ,1.886,2.084,1.583,0.92,,
2023-06-13,ΝΟΜΟΣ ΑΧΑΪΑΣ,1.887,2.079,1.583,0.92,,
2023-06-14,ΝΟΜΟΣ ΑΧΑΪΑΣ,1.886,2.086,1.581,0.916,,
2023-06-15,ΝΟΜΟΣ ΑΧΑΪΑΣ,1.885,2.085,1.58,0.915,,
2023-06-16,ΝΟΜΟΣ ΑΧΑΪΑΣ,1.884,2.079,1.58,0.913,,
2023-06-17,ΝΟΜΟΣ ΑΧΑΪΑΣ,1.884,2.08,1.58,0.912,,
2023-06-18,ΝΟΜΟΣ ΑΧΑΪΑΣ,1.884,2.079,1.58,0.909,,
2023-06-19,ΝΟΜΟΣ ΑΧΑΪΑΣ,1.884,2.082,1.582,0.906,,
2023-06-20,ΝΟΜΟΣ ΑΧΑΪΑΣ,1.885,2.078,1.584,0.902,,
2023-06-21,ΝΟΜΟΣ ΑΧΑΪΑΣ,1.885,2.083,1.585,0.9,,
2023-06-22,ΝΟΜΟΣ ΑΧΑΪΑΣ,1.886,2.086,1.588,0.896,,
2023-06-23,ΝΟΜΟΣ ΑΧΑΪΑΣ,1.886,2.081,1.592,0.894,,
2023-06-24,ΝΟΜΟΣ ΑΧΑΪΑΣ,1.885,2.08,1.593,0.89,,
2023-06-25,ΝΟΜΟΣ ΑΧΑΪΑΣ,1.885,2.082,1.593,0.89,,
2023-06-26,ΝΟΜΟΣ ΑΧΑΪΑΣ,1.883,2.081,1.592,0.886,,
2023-06-30,ΝΟΜΟΣ ΑΧΑΪΑΣ,1.874,2.074,1.589,0.874,,
2023-07-01,ΝΟΜΟΣ ΑΧΑΪΑΣ,1.873,2.075,1.587,0.874,,
2023-07-02,ΝΟΜΟΣ ΑΧΑΪΑΣ,1.873,2.076,1.587,0.874,,
2023-07-05,ΝΟΜΟΣ ΑΧΑΪΑΣ,1.871,2.083,1.582,0.863,,
2023-07-11,ΝΟΜΟΣ ΑΧΑΪΑΣ,1.878,2.077,1.589,0.861,,
2023-07-12,ΝΟΜΟΣ ΑΧΑΪΑΣ,1.878,2.077,1.589,0.861,,
2023-07-13,ΝΟΜΟΣ ΑΧΑΪΑΣ,1.883,2.095,1.596,0.862,,
2023-07-18,ΝΟΜΟΣ ΑΧΑΪΑΣ,1.894,2.095,1.612,0.865,,
2023-07-20,ΝΟΜΟΣ ΑΧΑΪΑΣ,1.896,2.104,1.614,0.872,,
2023-07-21,ΝΟΜΟΣ ΑΧΑΪΑΣ,1.896,2.104,1.614,0.872,,
2023-07-24,ΝΟΜΟΣ ΑΧΑΪΑΣ,1.907,2.108,1.623,0.873,,
2023-07-28,ΝΟΜΟΣ ΑΧΑΪΑΣ,1.938,2.131,1.656,0.876,,
2023-07-29,ΝΟΜΟΣ ΑΧΑΪΑΣ,1.948,2.134,1.664,0.878,,
2023-07-30,ΝΟΜΟΣ ΑΧΑΪΑΣ,1.948,2.137,1.666,0.878,,
2023-07-31,ΝΟΜΟΣ ΑΧΑΪΑΣ,1.954,2.142,1.671,0.881,,
2023-08-01,ΝΟΜΟΣ ΑΧΑΪΑΣ,1.96,2.138,1.676,0.883,,
2023-08-02,ΝΟΜΟΣ ΑΧΑΪΑΣ,1.965,2.156,1.686,0.883,,
2023-08-03,ΝΟΜΟΣ ΑΧΑΪΑΣ,1.969,2.166,1.7,0.886,,
2023-08-16,ΝΟΜΟΣ ΑΧΑΪΑΣ,1.979,2.168,1.757,0.897,,
2023-08-17,ΝΟΜΟΣ ΑΧΑΪΑΣ,1.983,2.182,1.759,0.899,,
2023-08-18,ΝΟΜΟΣ ΑΧΑΪΑΣ,1.988,2.18,1.759,0.903,,
2023-08-19,ΝΟΜΟΣ ΑΧΑΪΑΣ,1.991,2.181,1.761,0.9,,
2023-08-20,ΝΟΜΟΣ ΑΧΑΪΑΣ,1.992,2.182,1.761,0.9,,
2023-08-21,ΝΟΜΟΣ ΑΧΑΪΑΣ,1.996,2.182,1.762,0.9,,
2023-08-22,ΝΟΜΟΣ ΑΧΑΪΑΣ,1.996,2.176,1.762,0.899,,
2023-08-23,ΝΟΜΟΣ ΑΧΑΪΑΣ,1.997,2.189,1.764,0.899,,
2023-08-24,ΝΟΜΟΣ ΑΧΑΪΑΣ,1.997,2.184,1.767,0.9,,
2023-08-26,ΝΟΜΟΣ ΑΧΑΪΑΣ,1.995,2.181,1.773,0.9,,
2023-08-27,ΝΟΜΟΣ ΑΧΑΪΑΣ,1.997,2.181,1.774,0.9,,
2023-09-01,ΝΟΜΟΣ ΑΧΑΪΑΣ,1.999,2.181,1.782,0.904,,
2023-09-02,ΝΟΜΟΣ ΑΧΑΪΑΣ,1.999,2.181,1.782,0.904,,
2023-09-03,ΝΟΜΟΣ ΑΧΑΪΑΣ,1.999,2.183,1.782,0.904,,
2023-09-04,ΝΟΜΟΣ ΑΧΑΪΑΣ,1.998,2.181,1.781,0.904,,
2023-09-05,ΝΟΜΟΣ ΑΧΑΪΑΣ,1.996,2.176,1.781,0.903,,
2023-09-06,ΝΟΜΟΣ ΑΧΑΪΑΣ,1.997,2.189,1.783,0.9,,
2023-09-07,ΝΟΜΟΣ ΑΧΑΪΑΣ,1.997,2.189,1.785,0.904,,
2023-09-08,ΝΟΜΟΣ ΑΧΑΪΑΣ,1.998,2.184,1.789,0.906,,
2023-09-09,ΝΟΜΟΣ ΑΧΑΪΑΣ,2.002,2.189,1.794,0.91,,
2023-09-10,ΝΟΜΟΣ ΑΧΑΪΑΣ,2.003,2.191,1.795,0.91,,
2023-09-11,ΝΟΜΟΣ ΑΧΑΪΑΣ,2.005,2.193,1.8,0.912,,
2023-09-12,ΝΟΜΟΣ ΑΧΑΪΑΣ,2.01,2.195,1.811,0.921,,
2023-09-13,ΝΟΜΟΣ ΑΧΑΪΑΣ,2.017,2.211,1.819,0.918,,
2023-09-14,ΝΟΜΟΣ ΑΧΑΪΑΣ,2.023,2.219,1.829,0.923,,
2023-09-15,ΝΟΜΟΣ ΑΧΑΪΑΣ,2.03,2.221,1.842,0.927,,
2023-09-16,ΝΟΜΟΣ ΑΧΑΪΑΣ,2.037,2.229,1.851,0.93,,
2023-09-17,ΝΟΜΟΣ ΑΧΑΪΑΣ,2.038,2.232,1.852,0.93,,
2023-09-18,ΝΟΜΟΣ ΑΧΑΪΑΣ,2.041,2.233,1.858,0.931,,
2023-09-19,ΝΟΜΟΣ ΑΧΑΪΑΣ,2.043,2.229,1.86,0.93,,
2023-09-20,ΝΟΜΟΣ ΑΧΑΪΑΣ,2.045,2.241,1.864,0.931,,
2023-09-21,ΝΟΜΟΣ ΑΧΑΪΑΣ,2.047,2.239,1.866,0.937,,
2023-09-22,ΝΟΜΟΣ ΑΧΑΪΑΣ,2.047,2.234,1.866,0.939,,
2023-09-23,ΝΟΜΟΣ ΑΧΑΪΑΣ,2.046,2.233,1.866,0.939,,
2023-09-24,ΝΟΜΟΣ ΑΧΑΪΑΣ,2.045,2.234,1.866,0.94,,
2023-09-25,ΝΟΜΟΣ ΑΧΑΪΑΣ,2.044,2.232,1.866,0.943,,
2023-09-26,ΝΟΜΟΣ ΑΧΑΪΑΣ,2.042,2.225,1.864,0.948,,
2023-09-27,ΝΟΜΟΣ ΑΧΑΪΑΣ,2.041,2.236,1.864,0.947,,
2023-09-28,ΝΟΜΟΣ ΑΧΑΪΑΣ,2.037,2.233,1.864,0.95,,
2023-09-29,ΝΟΜΟΣ ΑΧΑΪΑΣ,2.026,2.22,1.865,0.955,,
2023-09-30,ΝΟΜΟΣ ΑΧΑΪΑΣ,2.019,2.219,1.866,0.958,,
2023-10-01,ΝΟΜΟΣ ΑΧΑΪΑΣ,2.017,2.218,1.865,0.956,,
2023-10-02,ΝΟΜΟΣ ΑΧΑΪΑΣ,2.012,2.214,1.866,0.96,,
2023-10-03,ΝΟΜΟΣ ΑΧΑΪΑΣ,2.005,2.205,1.867,0.964,,
2023-10-04,ΝΟΜΟΣ ΑΧΑΪΑΣ,2.0,2.213,1.867,0.963,,
2023-10-05,ΝΟΜΟΣ ΑΧΑΪΑΣ,1.989,2.204,1.867,0.968,,
2023-10-06,ΝΟΜΟΣ ΑΧΑΪΑΣ,1.974,2.188,1.865,0.97,,
2023-10-08,ΝΟΜΟΣ ΑΧΑΪΑΣ,1.989,2.204,1.867,0.968,,
2023-10-09,ΝΟΜΟΣ ΑΧΑΪΑΣ,1.936,2.16,1.847,0.97,,
2023-10-10,ΝΟΜΟΣ ΑΧΑΪΑΣ,1.922,2.144,1.835,0.969,,
2023-10-11,ΝΟΜΟΣ ΑΧΑΪΑΣ,1.914,2.143,1.825,0.964,,
2023-10-12,ΝΟΜΟΣ ΑΧΑΪΑΣ,1.907,2.14,1.82,0.965,,
2023-10-13,ΝΟΜΟΣ ΑΧΑΪΑΣ,1.904,2.132,1.817,0.964,1.376,
2023-10-14,ΝΟΜΟΣ ΑΧΑΪΑΣ,1.904,2.132,1.817,0.964,1.376,
2023-10-15,ΝΟΜΟΣ ΑΧΑΪΑΣ,1.902,2.132,1.815,0.964,1.415,
2023-10-16,ΝΟΜΟΣ ΑΧΑΪΑΣ,1.902,2.129,1.816,0.963,1.417,
2023-10-17,ΝΟΜΟΣ ΑΧΑΪΑΣ,1.9,2.126,1.815,0.962,1.421,
2023-10-18,ΝΟΜΟΣ ΑΧΑΪΑΣ,1.9,2.137,1.818,0.961,1.424,
2023-10-19,ΝΟΜΟΣ ΑΧΑΪΑΣ,1.9,2.136,1.821,0.957,1.426,
2023-10-20,ΝΟΜΟΣ ΑΧΑΪΑΣ,1.899,2.125,1.822,0.957,1.426,
2023-10-21,ΝΟΜΟΣ ΑΧΑΪΑΣ,1.9,2.127,1.822,0.957,1.423,
2023-10-22,ΝΟΜΟΣ ΑΧΑΪΑΣ,1.9,2.129,1.823,0.957,1.424,
2023-10-23,ΝΟΜΟΣ ΑΧΑΪΑΣ,1.901,2.127,1.824,0.957,1.425,
2023-10-24,ΝΟΜΟΣ ΑΧΑΪΑΣ,1.902,2.125,1.824,0.957,1.425,
2023-10-25,ΝΟΜΟΣ ΑΧΑΪΑΣ,1.904,2.135,1.822,0.95,1.426,
2023-10-26,ΝΟΜΟΣ ΑΧΑΪΑΣ,1.902,2.135,1.823,0.953,1.426,
2023-10-27,ΝΟΜΟΣ ΑΧΑΪΑΣ,1.901,2.127,1.822,0.953,1.425,
2023-10-28,ΝΟΜΟΣ ΑΧΑΪΑΣ,1.901,2.126,1.821,0.953,1.424,
2023-10-29,ΝΟΜΟΣ ΑΧΑΪΑΣ,1.9,2.127,1.821,0.953,1.424,
2023-10-30,ΝΟΜΟΣ ΑΧΑΪΑΣ,1.898,2.126,1.817,0.952,1.422,
2023-10-31,ΝΟΜΟΣ ΑΧΑΪΑΣ,1.895,2.12,1.809,0.951,1.42,
2023-11-01,ΝΟΜΟΣ ΑΧΑΪΑΣ,1.895,2.127,1.806,0.953,1.415,
2023-11-02,ΝΟΜΟΣ ΑΧΑΪΑΣ,1.896,2.128,1.802,0.954,1.412,
2023-11-03,ΝΟΜΟΣ ΑΧΑΪΑΣ,1.897,2.119,1.798,0.955,1.41,
2023-11-04,ΝΟΜΟΣ ΑΧΑΪΑΣ,1.896,2.119,1.795,0.955,1.407,
2023-11-05,ΝΟΜΟΣ ΑΧΑΪΑΣ,1.896,2.121,1.795,0.955,1.407,
2023-11-06,ΝΟΜΟΣ ΑΧΑΪΑΣ,1.895,2.121,1.792,0.955,1.405,
2023-11-07,ΝΟΜΟΣ ΑΧΑΪΑΣ,1.892,2.112,1.786,0.953,1.403,
2023-11-08,ΝΟΜΟΣ ΑΧΑΪΑΣ,1.892,2.121,1.784,0.948,1.399,
2023-11-09,ΝΟΜΟΣ ΑΧΑΪΑΣ,1.888,2.118,1.779,0.948,1.395,
2023-11-10,ΝΟΜΟΣ ΑΧΑΪΑΣ,1.885,2.108,1.772,0.944,1.39,
2023-11-11,ΝΟΜΟΣ ΑΧΑΪΑΣ,1.882,2.104,1.765,0.942,1.38,
2023-11-12,ΝΟΜΟΣ ΑΧΑΪΑΣ,1.882,2.106,1.763,0.942,1.379,
2023-11-13,ΝΟΜΟΣ ΑΧΑΪΑΣ,1.879,2.104,1.755,0.941,1.369,
2023-11-14,ΝΟΜΟΣ ΑΧΑΪΑΣ,1.878,2.101,1.746,0.941,1.363,
2023-11-15,ΝΟΜΟΣ ΑΧΑΪΑΣ,1.877,2.109,1.743,0.941,1.354,
2023-11-16,ΝΟΜΟΣ ΑΧΑΪΑΣ,1.876,2.109,1.74,0.941,1.347,
2023-11-17,ΝΟΜΟΣ ΑΧΑΪΑΣ,1.876,2.103,0.941,1.344,,1.738
2023-11-18,ΝΟΜΟΣ ΑΧΑΪΑΣ,1.876,2.103,0.939,1.342,,1.735
2023-11-19,ΝΟΜΟΣ ΑΧΑΪΑΣ,1.876,2.104,0.939,1.342,,1.735
2023-11-20,ΝΟΜΟΣ ΑΧΑΪΑΣ,1.875,2.101,1.733,0.938,1.34,
2023-11-21,ΝΟΜΟΣ ΑΧΑΪΑΣ,1.872,2.096,1.727,0.938,1.335,
2023-11-22,ΝΟΜΟΣ ΑΧΑΪΑΣ,1.87,2.104,1.723,0.934,1.332,
2023-11-23,ΝΟΜΟΣ ΑΧΑΪΑΣ,1.87,2.101,1.719,0.937,1.327,
2023-11-24,ΝΟΜΟΣ ΑΧΑΪΑΣ,1.87,2.096,1.717,0.938,1.326,
2023-11-25,ΝΟΜΟΣ ΑΧΑΪΑΣ,1.87,2.096,1.716,0.938,1.327,
2023-11-26,ΝΟΜΟΣ ΑΧΑΪΑΣ,1.87,2.098,1.716,0.938,1.326,
2023-11-27,ΝΟΜΟΣ ΑΧΑΪΑΣ,1.87,2.095,0.935,1.327,,1.714
2023-11-28,ΝΟΜΟΣ ΑΧΑΪΑΣ,1.868,2.094,0.934,1.327,,1.713
2023-11-29,ΝΟΜΟΣ ΑΧΑΪΑΣ,1.869,2.101,0.933,1.326,,1.713
2023-11-30,ΝΟΜΟΣ ΑΧΑΪΑΣ,1.869,2.099,0.931,1.325,,1.712
2023-12-01,ΝΟΜΟΣ ΑΧΑΪΑΣ,1.868,2.092,1.712,0.931,1.325,
2023-12-02,ΝΟΜΟΣ ΑΧΑΪΑΣ,1.867,2.092,1.711,0.931,1.323,
2023-12-03,ΝΟΜΟΣ ΑΧΑΪΑΣ,1.865,2.095,1.711,0.931,1.323,
2023-12-04,ΝΟΜΟΣ ΑΧΑΪΑΣ,1.863,2.088,1.708,0.934,1.323,
2023-12-05,ΝΟΜΟΣ ΑΧΑΪΑΣ,1.861,2.083,1.704,0.932,1.322,
2023-12-06,ΝΟΜΟΣ ΑΧΑΪΑΣ,1.858,2.092,1.701,0.929,1.32,
2023-12-07,ΝΟΜΟΣ ΑΧΑΪΑΣ,1.852,2.084,1.697,0.932,1.317,
2023-12-08,ΝΟΜΟΣ ΑΧΑΪΑΣ,1.847,2.072,1.694,0.932,1.313,
2023-12-09,ΝΟΜΟΣ ΑΧΑΪΑΣ,1.843,2.071,1.69,0.932,1.307,
2023-12-10,ΝΟΜΟΣ ΑΧΑΪΑΣ,1.842,2.072,1.69,0.932,1.306,
2023-12-11,ΝΟΜΟΣ ΑΧΑΪΑΣ,1.838,2.064,1.685,0.931,1.3,
2023-12-12,ΝΟΜΟΣ ΑΧΑΪΑΣ,1.833,2.057,1.68,0.929,1.298,
2023-12-13,ΝΟΜΟΣ ΑΧΑΪΑΣ,1.83,2.064,1.674,0.925,1.294,
2023-12-14,ΝΟΜΟΣ ΑΧΑΪΑΣ,1.827,2.061,1.67,0.922,1.29,
2023-12-15,ΝΟΜΟΣ ΑΧΑΪΑΣ,1.825,2.054,1.667,0.919,1.288,
2023-12-16,ΝΟΜΟΣ ΑΧΑΪΑΣ,1.822,2.054,1.663,0.92,1.286,
2023-12-17,ΝΟΜΟΣ ΑΧΑΪΑΣ,1.821,2.056,1.662,0.92,1.285,
2023-12-18,ΝΟΜΟΣ ΑΧΑΪΑΣ,1.82,2.052,1.659,0.92,1.282,
2023-12-19,ΝΟΜΟΣ ΑΧΑΪΑΣ,1.819,2.049,1.657,0.918,1.281,
2023-12-20,ΝΟΜΟΣ ΑΧΑΪΑΣ,1.821,2.059,1.657,0.913,1.283,
2023-12-21,ΝΟΜΟΣ ΑΧΑΪΑΣ,1.824,2.064,1.657,0.918,1.286,
2023-12-22,ΝΟΜΟΣ ΑΧΑΪΑΣ,1.829,2.064,1.662,0.92,1.289,
2023-12-23,ΝΟΜΟΣ ΑΧΑΪΑΣ,1.831,2.062,1.664,0.92,1.291,
2023-12-24,ΝΟΜΟΣ ΑΧΑΪΑΣ,1.831,2.061,1.665,0.92,1.29,
2023-12-25,ΝΟΜΟΣ ΑΧΑΪΑΣ,1.831,2.064,1.665,0.92,1.291,
2023-12-26,ΝΟΜΟΣ ΑΧΑΪΑΣ,1.831,2.058,1.665,0.92,1.291,
2023-12-27,ΝΟΜΟΣ ΑΧΑΪΑΣ,1.834,2.071,1.667,0.918,1.292,
2023-12-28,ΝΟΜΟΣ ΑΧΑΪΑΣ,1.834,2.07,1.67,0.919,1.293,
2023-12-29,ΝΟΜΟΣ ΑΧΑΪΑΣ,1.833,2.063,1.668,0.92,1.293,
2023-12-30,ΝΟΜΟΣ ΑΧΑΪΑΣ,1.833,2.059,1.667,0.924,1.293,
2023-12-31,ΝΟΜΟΣ ΑΧΑΪΑΣ,1.834,2.062,1.667,0.924,1.293,
2024-01-01,ΝΟΜΟΣ ΑΧΑΪΑΣ,1.834,2.065,1.667,0.924,1.293,
2024-01-02,ΝΟΜΟΣ ΑΧΑΪΑΣ,1.833,2.058,1.665,0.923,1.292,
2024-01-03,ΝΟΜΟΣ ΑΧΑΪΑΣ,1.832,2.068,1.66,0.923,1.288,
2024-01-04,ΝΟΜΟΣ ΑΧΑΪΑΣ,1.831,2.067,1.656,0.923,1.287,
2024-01-05,ΝΟΜΟΣ ΑΧΑΪΑΣ,1.83,2.063,1.655,0.924,1.285,
2024-01-06,ΝΟΜΟΣ ΑΧΑΪΑΣ,1.831,2.061,1.655,0.923,1.285,
2024-01-07,ΝΟΜΟΣ ΑΧΑΪΑΣ,1.83,2.06,1.655,0.92,1.284,
2024-01-08,ΝΟΜΟΣ ΑΧΑΪΑΣ,1.83,2.057,1.654,0.92,1.283,
2024-01-09,ΝΟΜΟΣ ΑΧΑΪΑΣ,1.827,2.051,1.651,0.917,1.281,
2024-01-10,ΝΟΜΟΣ ΑΧΑΪΑΣ,1.826,2.06,1.653,0.914,1.28,
2024-01-11,ΝΟΜΟΣ ΑΧΑΪΑΣ,1.821,2.059,1.653,0.914,1.279,
2024-01-12,ΝΟΜΟΣ ΑΧΑΪΑΣ,1.824,2.051,1.653,0.912,1.279,
2024-01-13,ΝΟΜΟΣ ΑΧΑΪΑΣ,1.822,2.054,0.916,1.28,,1.653
2024-01-14,ΝΟΜΟΣ ΑΧΑΪΑΣ,1.821,2.056,1.653,0.916,1.28,
2024-01-15,ΝΟΜΟΣ ΑΧΑΪΑΣ,1.821,2.052,1.653,0.911,1.281,
2024-01-16,ΝΟΜΟΣ ΑΧΑΪΑΣ,1.821,2.045,1.652,0.909,1.28,
2024-01-17,ΝΟΜΟΣ ΑΧΑΪΑΣ,1.822,2.058,1.654,0.909,1.281,
2024-01-18,ΝΟΜΟΣ ΑΧΑΪΑΣ,1.824,2.057,1.655,0.912,1.283,
2024-01-19,ΝΟΜΟΣ ΑΧΑΪΑΣ,1.825,2.05,1.658,0.912,1.285,
2024-01-20,ΝΟΜΟΣ ΑΧΑΪΑΣ,1.827,2.052,1.66,0.912,1.287,
2024-01-21,ΝΟΜΟΣ ΑΧΑΪΑΣ,1.828,2.056,1.661,0.912,1.288,
2024-01-22,ΝΟΜΟΣ ΑΧΑΪΑΣ,1.828,2.056,1.663,0.913,1.289,
2024-01-23,ΝΟΜΟΣ ΑΧΑΪΑΣ,1.828,2.049,1.663,0.915,1.289,
2024-01-24,ΝΟΜΟΣ ΑΧΑΪΑΣ,1.829,2.057,1.666,0.915,1.291,
2024-01-25,ΝΟΜΟΣ ΑΧΑΪΑΣ,1.834,2.06,1.668,0.915,1.295,
2024-01-29,ΝΟΜΟΣ ΑΧΑΪΑΣ,1.842,2.061,1.676,0.918,1.309,
2024-01-30,ΝΟΜΟΣ ΑΧΑΪΑΣ,1.848,2.059,1.683,0.915,1.318,
2024-01-31,ΝΟΜΟΣ ΑΧΑΪΑΣ,1.853,2.073,1.689,0.914,1.325,
2024-02-01,ΝΟΜΟΣ ΑΧΑΪΑΣ,1.858,2.076,1.695,0.915,1.331,
2024-02-02,ΝΟΜΟΣ ΑΧΑΪΑΣ,1.861,2.072,1.699,0.92,1.333,
2024-02-03,ΝΟΜΟΣ ΑΧΑΪΑΣ,1.862,2.074,1.701,0.921,1.333,
2024-02-04,ΝΟΜΟΣ ΑΧΑΪΑΣ,1.863,2.077,1.702,0.921,1.333,
2024-02-05,ΝΟΜΟΣ ΑΧΑΪΑΣ,1.863,2.076,1.703,0.921,1.332,
2024-02-06,ΝΟΜΟΣ ΑΧΑΪΑΣ,1.864,2.07,1.703,0.921,1.331,
2024-02-07,ΝΟΜΟΣ ΑΧΑΪΑΣ,1.864,2.082,1.704,0.922,1.33,
2024-02-08,ΝΟΜΟΣ ΑΧΑΪΑΣ,1.866,2.082,1.704,0.921,1.329,
2024-02-09,ΝΟΜΟΣ ΑΧΑΪΑΣ,1.869,2.079,1.71,0.923,1.331,
2024-02-10,ΝΟΜΟΣ ΑΧΑΪΑΣ,1.872,2.08,1.714,0.923,1.331,
2024-02-11,ΝΟΜΟΣ ΑΧΑΪΑΣ,1.873,2.083,1.717,0.924,1.331,
2024-02-12,ΝΟΜΟΣ ΑΧΑΪΑΣ,1.876,2.083,1.725,0.926,1.333,
2024-02-13,ΝΟΜΟΣ ΑΧΑΪΑΣ,1.882,2.083,1.733,0.926,1.335,
2024-02-14,ΝΟΜΟΣ ΑΧΑΪΑΣ,1.887,2.098,1.74,0.926,1.337,
2024-02-15,ΝΟΜΟΣ ΑΧΑΪΑΣ,1.891,2.1,1.745,0.927,1.337,
2024-02-16,ΝΟΜΟΣ ΑΧΑΪΑΣ,1.897,2.096,1.749,0.928,1.339,
2024-02-17,ΝΟΜΟΣ ΑΧΑΪΑΣ,1.9,2.098,1.752,0.928,1.341,
2024-02-18,ΝΟΜΟΣ ΑΧΑΪΑΣ,1.901,2.098,1.753,0.926,1.341,
2024-02-19,ΝΟΜΟΣ ΑΧΑΪΑΣ,1.904,2.099,1.753,0.927,1.341,
2024-02-20,ΝΟΜΟΣ ΑΧΑΪΑΣ,1.906,2.095,1.755,0.926,1.341,
2024-02-21,ΝΟΜΟΣ ΑΧΑΪΑΣ,1.907,2.107,1.755,0.926,1.341,
2024-02-22,ΝΟΜΟΣ ΑΧΑΪΑΣ,1.908,2.108,1.754,0.927,1.34,
2024-02-23,ΝΟΜΟΣ ΑΧΑΪΑΣ,1.908,2.102,1.752,0.927,1.34,
2024-02-24,ΝΟΜΟΣ ΑΧΑΪΑΣ,1.908,2.102,1.751,0.927,1.338,
2024-02-25,ΝΟΜΟΣ ΑΧΑΪΑΣ,1.907,2.103,1.751,0.927,1.336,
2024-02-26,ΝΟΜΟΣ ΑΧΑΪΑΣ,1.907,2.104,1.747,0.927,1.335,
2024-02-27,ΝΟΜΟΣ ΑΧΑΪΑΣ,1.907,2.1,1.745,0.929,1.333,
2024-02-28,ΝΟΜΟΣ ΑΧΑΪΑΣ,1.907,2.111,1.743,0.928,1.333,
2024-02-29,ΝΟΜΟΣ ΑΧΑΪΑΣ,1.907,2.111,1.741,0.929,1.332,
2024-03-01,ΝΟΜΟΣ ΑΧΑΪΑΣ,1.908,2.103,1.739,0.929,1.331,
2024-03-02,ΝΟΜΟΣ ΑΧΑΪΑΣ,1.909,2.104,1.738,0.929,1.332,
2024-03-03,ΝΟΜΟΣ ΑΧΑΪΑΣ,1.909,2.106,1.737,0.929,1.331,
2024-03-04,ΝΟΜΟΣ ΑΧΑΪΑΣ,1.91,2.105,1.733,0.93,1.331,
2024-03-05,ΝΟΜΟΣ ΑΧΑΪΑΣ,1.911,2.102,1.731,0.93,1.33,
2024-03-06,ΝΟΜΟΣ ΑΧΑΪΑΣ,1.912,2.11,1.728,0.929,1.33,
2024-03-07,ΝΟΜΟΣ ΑΧΑΪΑΣ,1.912,2.112,1.726,0.93,1.329,
2024-03-08,ΝΟΜΟΣ ΑΧΑΪΑΣ,1.911,2.107,1.724,0.93,1.328,
2024-03-09,ΝΟΜΟΣ ΑΧΑΪΑΣ,1.91,2.107,1.723,0.93,1.328,
2024-03-10,ΝΟΜΟΣ ΑΧΑΪΑΣ,1.911,2.109,1.723,0.93,1.327,
2024-03-11,ΝΟΜΟΣ ΑΧΑΪΑΣ,1.911,2.109,1.722,0.931,1.326,
2024-03-12,ΝΟΜΟΣ ΑΧΑΪΑΣ,1.91,2.105,1.719,0.929,1.326,
2024-03-13,ΝΟΜΟΣ ΑΧΑΪΑΣ,1.91,2.113,1.717,0.93,1.326,
2024-03-14,ΝΟΜΟΣ ΑΧΑΪΑΣ,1.909,2.115,1.715,0.928,1.324,
2024-03-15,ΝΟΜΟΣ ΑΧΑΪΑΣ,1.912,2.111,1.715,0.931,1.328,
2024-03-16,ΝΟΜΟΣ ΑΧΑΪΑΣ,1.915,2.116,1.715,0.931,1.323,
2024-03-17,ΝΟΜΟΣ ΑΧΑΪΑΣ,1.916,2.117,1.715,0.931,1.323,
2024-03-18,ΝΟΜΟΣ ΑΧΑΪΑΣ,1.916,2.115,1.714,0.931,1.322,
2024-03-19,ΝΟΜΟΣ ΑΧΑΪΑΣ,1.919,2.114,1.715,0.93,1.323,
2024-03-20,ΝΟΜΟΣ ΑΧΑΪΑΣ,1.927,2.128,1.717,0.928,1.325,
2024-03-21,ΝΟΜΟΣ ΑΧΑΪΑΣ,1.934,2.137,1.719,0.929,1.327,
2024-03-22,ΝΟΜΟΣ ΑΧΑΪΑΣ,1.939,2.135,1.72,0.929,1.328,
2024-03-23,ΝΟΜΟΣ ΑΧΑΪΑΣ,1.942,2.139,1.721,0.928,1.328,
2024-03-24,ΝΟΜΟΣ ΑΧΑΪΑΣ,1.942,2.14,1.721,0.928,1.329,
2024-03-25,ΝΟΜΟΣ ΑΧΑΪΑΣ,1.943,2.137,1.722,0.928,1.329,
2024-03-26,ΝΟΜΟΣ ΑΧΑΪΑΣ,1.944,2.134,1.721,0.928,1.329,
2024-03-27,ΝΟΜΟΣ ΑΧΑΪΑΣ,1.944,2.146,1.722,0.923,1.329,
2024-03-28,ΝΟΜΟΣ ΑΧΑΪΑΣ,1.946,2.148,1.721,0.927,1.327,
2024-03-29,ΝΟΜΟΣ ΑΧΑΪΑΣ,1.948,2.143,1.722,0.928,1.326,
2024-03-30,ΝΟΜΟΣ ΑΧΑΪΑΣ,1.949,2.145,1.721,0.929,1.326,
2024-03-31,ΝΟΜΟΣ ΑΧΑΪΑΣ,1.949,2.145,1.721,0.925,1.326,
2024-04-01,ΝΟΜΟΣ ΑΧΑΪΑΣ,1.949,2.142,1.721,0.925,1.326,
2024-04-02,ΝΟΜΟΣ ΑΧΑΪΑΣ,1.949,2.138,1.721,0.925,1.327,
2024-04-03,ΝΟΜΟΣ ΑΧΑΪΑΣ,1.949,2.148,1.721,0.925,1.326,
2024-04-04,ΝΟΜΟΣ ΑΧΑΪΑΣ,1.951,2.151,1.723,0.926,1.327,
2024-04-05,ΝΟΜΟΣ ΑΧΑΪΑΣ,1.954,2.148,1.725,0.926,1.327,
2024-04-06,ΝΟΜΟΣ ΑΧΑΪΑΣ,1.957,2.152,1.726,0.926,1.328,
2024-04-07,ΝΟΜΟΣ ΑΧΑΪΑΣ,1.956,2.153,1.726,0.926,1.329,
2024-04-08,ΝΟΜΟΣ ΑΧΑΪΑΣ,1.958,2.154,1.728,0.926,1.329,
2024-04-09,ΝΟΜΟΣ ΑΧΑΪΑΣ,1.961,2.154,1.728,0.927,1.33,
2024-04-10,ΝΟΜΟΣ ΑΧΑΪΑΣ,1.963,2.167,1.729,0.927,1.331,
2024-04-11,ΝΟΜΟΣ ΑΧΑΪΑΣ,1.964,2.168,1.73,0.927,1.332,
2024-04-12,ΝΟΜΟΣ ΑΧΑΪΑΣ,1.964,2.162,1.729,0.927,1.332,
2024-04-13,ΝΟΜΟΣ ΑΧΑΪΑΣ,1.965,2.163,1.729,0.927,1.332,
2024-04-14,ΝΟΜΟΣ ΑΧΑΪΑΣ,1.966,2.166,1.729,0.927,1.333,
2024-04-15,ΝΟΜΟΣ ΑΧΑΪΑΣ,1.967,2.165,1.729,0.927,1.332,
2024-04-16,ΝΟΜΟΣ ΑΧΑΪΑΣ,1.969,2.16,1.729,0.926,1.332,
2024-04-17,ΝΟΜΟΣ ΑΧΑΪΑΣ,1.972,2.173,1.729,0.925,1.332,
2024-04-18,ΝΟΜΟΣ ΑΧΑΪΑΣ,1.975,2.174,1.729,0.925,1.335,
2024-04-19,ΝΟΜΟΣ ΑΧΑΪΑΣ,1.982,2.173,1.729,0.925,1.335,
2024-04-20,ΝΟΜΟΣ ΑΧΑΪΑΣ,1.986,2.18,1.727,0.929,1.335,
2024-04-21,ΝΟΜΟΣ ΑΧΑΪΑΣ,1.987,2.181,1.727,0.929,1.335,
2024-04-22,ΝΟΜΟΣ ΑΧΑΪΑΣ,1.987,2.179,1.726,0.929,1.335,
2024-04-23,ΝΟΜΟΣ ΑΧΑΪΑΣ,1.988,2.174,1.721,0.926,1.333,
2024-04-24,ΝΟΜΟΣ ΑΧΑΪΑΣ,1.99,2.185,1.717,0.924,1.336,
2024-04-25,ΝΟΜΟΣ ΑΧΑΪΑΣ,1.99,2.187,1.714,0.925,1.335,
2024-04-26,ΝΟΜΟΣ ΑΧΑΪΑΣ,1.989,2.182,1.711,0.924,1.338,
2024-04-27,ΝΟΜΟΣ ΑΧΑΪΑΣ,1.989,2.182,1.71,0.924,1.336,
2024-04-28,ΝΟΜΟΣ ΑΧΑΪΑΣ,1.989,2.183,1.709,0.924,1.336,
2024-04-29,ΝΟΜΟΣ ΑΧΑΪΑΣ,1.989,2.178,1.707,0.923,1.335,
2024-04-30,ΝΟΜΟΣ ΑΧΑΪΑΣ,1.987,2.173,1.704,0.922,1.336,
2024-05-01,ΝΟΜΟΣ ΑΧΑΪΑΣ,1.987,2.185,1.703,0.922,,
2024-05-02,ΝΟΜΟΣ ΑΧΑΪΑΣ,1.987,2.183,1.701,0.922,,
2024-05-03,ΝΟΜΟΣ ΑΧΑΪΑΣ,1.986,2.183,1.7,0.922,,
2024-05-04,ΝΟΜΟΣ ΑΧΑΪΑΣ,1.985,2.182,1.696,0.922,,
2024-05-05,ΝΟΜΟΣ ΑΧΑΪΑΣ,1.984,2.182,1.695,0.922,,
2024-05-06,ΝΟΜΟΣ ΑΧΑΪΑΣ,1.983,2.18,1.694,0.918,,
2024-05-07,ΝΟΜΟΣ ΑΧΑΪΑΣ,1.982,2.171,1.692,0.918,,
2024-05-08,ΝΟΜΟΣ ΑΧΑΪΑΣ,1.978,2.186,1.689,0.918,,
2024-05-09,ΝΟΜΟΣ ΑΧΑΪΑΣ,1.974,2.182,1.683,0.918,,
2024-05-10,ΝΟΜΟΣ ΑΧΑΪΑΣ,1.972,2.174,1.68,0.918,,
2024-05-11,ΝΟΜΟΣ ΑΧΑΪΑΣ,1.966,2.174,1.676,0.917,,
2024-05-12,ΝΟΜΟΣ ΑΧΑΪΑΣ,1.965,2.176,1.676,0.916,,
2024-05-13,ΝΟΜΟΣ ΑΧΑΪΑΣ,1.959,2.169,1.671,0.912,,
2024-05-14,ΝΟΜΟΣ ΑΧΑΪΑΣ,1.953,2.158,1.667,0.907,,
2024-05-15,ΝΟΜΟΣ ΑΧΑΪΑΣ,1.948,2.163,1.666,0.907,,
2024-05-16,ΝΟΜΟΣ ΑΧΑΪΑΣ,1.945,2.163,1.664,0.906,,
2024-05-17,ΝΟΜΟΣ ΑΧΑΪΑΣ,1.943,2.155,1.663,0.905,,
2024-05-18,ΝΟΜΟΣ ΑΧΑΪΑΣ,1.94,2.155,1.662,0.903,,
2024-05-19,ΝΟΜΟΣ ΑΧΑΪΑΣ,1.94,2.157,1.661,0.903,,
2024-05-20,ΝΟΜΟΣ ΑΧΑΪΑΣ,1.937,2.15,1.658,0.903,,
2024-05-21,ΝΟΜΟΣ ΑΧΑΪΑΣ,1.934,2.143,1.656,0.894,,
2024-05-22,ΝΟΜΟΣ ΑΧΑΪΑΣ,1.933,2.149,1.654,0.895,,
2024-05-23,ΝΟΜΟΣ ΑΧΑΪΑΣ,1.93,2.152,1.654,0.893,,
2024-05-24,ΝΟΜΟΣ ΑΧΑΪΑΣ,1.926,2.142,1.652,0.891,,
2024-05-25,ΝΟΜΟΣ ΑΧΑΪΑΣ,1.924,2.142,1.651,0.89,,
2024-05-26,ΝΟΜΟΣ ΑΧΑΪΑΣ,1.923,2.143,1.649,0.889,,
2024-05-27,ΝΟΜΟΣ ΑΧΑΪΑΣ,1.921,2.138,1.648,0.887,,
2024-05-28,ΝΟΜΟΣ ΑΧΑΪΑΣ,1.919,2.131,1.646,0.886,,
2024-05-29,ΝΟΜΟΣ ΑΧΑΪΑΣ,1.917,2.141,1.645,0.913,,
2024-05-30,ΝΟΜΟΣ ΑΧΑΪΑΣ,1.916,2.143,1.645,0.914,,
2024-05-31,ΝΟΜΟΣ ΑΧΑΪΑΣ,1.915,2.136,1.645,0.912,,
2024-06-01,ΝΟΜΟΣ ΑΧΑΪΑΣ,1.914,2.135,1.645,0.911,,
2024-06-02,ΝΟΜΟΣ ΑΧΑΪΑΣ,1.913,2.134,1.642,0.909,,
2024-06-03,ΝΟΜΟΣ ΑΧΑΪΑΣ,1.912,2.13,1.642,0.909,,
2024-06-04,ΝΟΜΟΣ ΑΧΑΪΑΣ,1.911,2.123,1.64,0.908,,
2024-06-05,ΝΟΜΟΣ ΑΧΑΪΑΣ,1.906,2.13,1.636,0.907,,
2024-06-06,ΝΟΜΟΣ ΑΧΑΪΑΣ,1.901,2.118,1.632,0.906,,
2024-06-07,ΝΟΜΟΣ ΑΧΑΪΑΣ,1.896,2.108,1.627,0.905,,
2024-06-08,ΝΟΜΟΣ ΑΧΑΪΑΣ,1.892,2.107,1.625,0.906,,
2024-06-09,ΝΟΜΟΣ ΑΧΑΪΑΣ,1.89,2.107,1.624,0.906,,
2024-06-10,ΝΟΜΟΣ ΑΧΑΪΑΣ,1.888,2.105,1.622,0.904,,
2024-06-11,ΝΟΜΟΣ ΑΧΑΪΑΣ,1.885,2.094,1.62,0.876,,
2024-06-12,ΝΟΜΟΣ ΑΧΑΪΑΣ,1.884,2.105,1.62,0.873,,
2024-06-13,ΝΟΜΟΣ ΑΧΑΪΑΣ,1.883,2.105,1.622,0.87,,
2024-06-14,ΝΟΜΟΣ ΑΧΑΪΑΣ,1.883,2.102,1.626,0.869,,
2024-06-15,ΝΟΜΟΣ ΑΧΑΪΑΣ,1.886,2.104,1.629,0.868,,
2024-06-16,ΝΟΜΟΣ ΑΧΑΪΑΣ,1.886,2.105,1.63,0.868,,
2024-06-17,ΝΟΜΟΣ ΑΧΑΪΑΣ,1.888,2.104,1.633,0.868,,
2024-06-18,ΝΟΜΟΣ ΑΧΑΪΑΣ,1.888,2.098,1.636,0.868,,
2024-06-19,ΝΟΜΟΣ ΑΧΑΪΑΣ,1.89,2.112,1.642,0.869,,
2024-06-20,ΝΟΜΟΣ ΑΧΑΪΑΣ,1.893,2.115,1.647,0.87,,
2024-06-21,ΝΟΜΟΣ ΑΧΑΪΑΣ,1.894,2.11,1.653,0.875,,
2024-06-22,ΝΟΜΟΣ ΑΧΑΪΑΣ,1.896,2.114,1.657,0.876,,
2024-06-23,ΝΟΜΟΣ ΑΧΑΪΑΣ,1.896,2.116,1.659,0.876,,
2024-06-24,ΝΟΜΟΣ ΑΧΑΪΑΣ,1.896,2.114,1.658,0.876,,
2024-06-25,ΝΟΜΟΣ ΑΧΑΪΑΣ,1.897,2.107,1.66,0.877,,
2024-06-26,ΝΟΜΟΣ ΑΧΑΪΑΣ,1.897,2.118,1.661,0.882,,
2024-06-27,ΝΟΜΟΣ ΑΧΑΪΑΣ,1.895,2.121,1.664,0.885,,
2024-06-28,ΝΟΜΟΣ ΑΧΑΪΑΣ,1.897,2.116,1.665,0.886,,
2024-06-29,ΝΟΜΟΣ ΑΧΑΪΑΣ,1.899,2.116,1.667,0.89,,
2024-06-30,ΝΟΜΟΣ ΑΧΑΪΑΣ,1.899,2.117,1.667,0.89,,
2024-07-01,ΝΟΜΟΣ ΑΧΑΪΑΣ,1.901,2.117,1.668,0.89,,
2024-07-02,ΝΟΜΟΣ ΑΧΑΪΑΣ,1.901,2.112,1.668,0.892,,
2024-07-03,ΝΟΜΟΣ ΑΧΑΪΑΣ,1.902,2.121,1.67,0.892,,
2024-07-04,ΝΟΜΟΣ ΑΧΑΪΑΣ,1.904,2.123,1.672,0.893,,
2024-07-05,ΝΟΜΟΣ ΑΧΑΪΑΣ,1.906,2.118,1.675,0.899,,
2024-07-06,ΝΟΜΟΣ ΑΧΑΪΑΣ,1.91,2.122,1.677,0.899,,
2024-07-07,ΝΟΜΟΣ ΑΧΑΪΑΣ,1.911,2.124,1.677,0.899,,
2024-07-08,ΝΟΜΟΣ ΑΧΑΪΑΣ,1.914,2.125,1.679,0.9,,
2024-07-09,ΝΟΜΟΣ ΑΧΑΪΑΣ,1.916,2.119,1.679,0.901,,
2024-07-10,ΝΟΜΟΣ ΑΧΑΪΑΣ,1.917,2.13,1.68,0.911,,
2024-07-11,ΝΟΜΟΣ ΑΧΑΪΑΣ,1.917,2.131,1.678,0.916,,
2024-07-12,ΝΟΜΟΣ ΑΧΑΪΑΣ,1.915,2.124,1.679,0.918,,
2024-07-13,ΝΟΜΟΣ ΑΧΑΪΑΣ,1.916,2.122,1.679,0.918,,
2024-07-14,ΝΟΜΟΣ ΑΧΑΪΑΣ,1.915,2.125,1.679,0.918,,
2024-07-15,ΝΟΜΟΣ ΑΧΑΪΑΣ,1.914,2.122,1.678,0.915,,
2024-07-16,ΝΟΜΟΣ ΑΧΑΪΑΣ,1.913,2.117,1.677,0.914,,
2024-07-17,ΝΟΜΟΣ ΑΧΑΪΑΣ,1.913,2.127,1.675,0.914,,
2024-07-18,ΝΟΜΟΣ ΑΧΑΪΑΣ,1.911,2.127,1.674,0.911,,
2024-07-19,ΝΟΜΟΣ ΑΧΑΪΑΣ,1.91,2.121,1.673,0.911,,
2024-07-20,ΝΟΜΟΣ ΑΧΑΪΑΣ,1.908,2.122,1.671,0.914,,
2024-07-21,ΝΟΜΟΣ ΑΧΑΪΑΣ,1.907,2.123,1.671,0.914,,
2024-07-22,ΝΟΜΟΣ ΑΧΑΪΑΣ,1.903,2.119,1.668,0.913,,
2024-07-23,ΝΟΜΟΣ ΑΧΑΪΑΣ,1.901,2.111,1.664,0.913,,
2024-07-24,ΝΟΜΟΣ ΑΧΑΪΑΣ,1.9,2.119,1.66,0.911,,
2024-07-25,ΝΟΜΟΣ ΑΧΑΪΑΣ,1.9,2.119,1.658,0.913,,
2024-07-26,ΝΟΜΟΣ ΑΧΑΪΑΣ,1.898,2.114,1.655,0.913,,
2024-07-27,ΝΟΜΟΣ ΑΧΑΪΑΣ,1.897,2.113,1.654,0.913,,
2024-07-28,ΝΟΜΟΣ ΑΧΑΪΑΣ,1.897,2.116,1.654,0.913,,
2024-07-29,ΝΟΜΟΣ ΑΧΑΪΑΣ,1.896,2.114,1.652,0.913,,
2024-07-30,ΝΟΜΟΣ ΑΧΑΪΑΣ,1.895,2.108,1.65,0.91,,
2024-07-31,ΝΟΜΟΣ ΑΧΑΪΑΣ,1.895,2.121,1.649,0.908,,
2024-08-01,ΝΟΜΟΣ ΑΧΑΪΑΣ,1.893,2.119,1.646,0.908,,
2024-08-02,ΝΟΜΟΣ ΑΧΑΪΑΣ,1.893,2.113,1.646,0.913,,
2024-08-03,ΝΟΜΟΣ ΑΧΑΪΑΣ,1.891,2.113,1.644,0.914,,
2024-08-04,ΝΟΜΟΣ ΑΧΑΪΑΣ,1.891,2.115,1.643,0.914,,
2024-08-05,ΝΟΜΟΣ ΑΧΑΪΑΣ,1.889,2.111,1.642,0.912,,
2024-08-06,ΝΟΜΟΣ ΑΧΑΪΑΣ,1.882,2.097,1.638,0.91,,
2024-08-07,ΝΟΜΟΣ ΑΧΑΪΑΣ,1.879,2.107,1.633,0.908,,
2024-08-08,ΝΟΜΟΣ ΑΧΑΪΑΣ,1.875,2.102,1.629,0.909,,
2024-08-09,ΝΟΜΟΣ ΑΧΑΪΑΣ,1.87,2.092,1.623,0.908,,
2024-08-10,ΝΟΜΟΣ ΑΧΑΪΑΣ,1.866,2.09,1.62,0.91,,
2024-08-11,ΝΟΜΟΣ ΑΧΑΪΑΣ,1.866,2.092,1.619,0.909,,
2024-08-12,ΝΟΜΟΣ ΑΧΑΪΑΣ,1.864,2.089,1.617,0.911,,
2024-08-13,ΝΟΜΟΣ ΑΧΑΪΑΣ,1.864,2.083,1.615,0.91,,
2024-08-14,ΝΟΜΟΣ ΑΧΑΪΑΣ,1.864,2.096,1.615,0.91,,
2024-08-15,ΝΟΜΟΣ ΑΧΑΪΑΣ,1.864,2.095,1.614,0.911,,
2024-08-16,ΝΟΜΟΣ ΑΧΑΪΑΣ,1.863,2.089,1.615,0.911,,
2024-08-17,ΝΟΜΟΣ ΑΧΑΪΑΣ,1.863,2.09,1.616,0.911,,
2024-08-18,ΝΟΜΟΣ ΑΧΑΪΑΣ,1.863,2.092,1.615,0.907,,
2024-08-19,ΝΟΜΟΣ ΑΧΑΪΑΣ,1.862,2.087,1.615,0.907,,
2024-08-20,ΝΟΜΟΣ ΑΧΑΪΑΣ,1.859,2.08,1.611,0.905,,
2024-08-21,ΝΟΜΟΣ ΑΧΑΪΑΣ,1.856,2.091,1.605,0.905,,
2024-08-22,ΝΟΜΟΣ ΑΧΑΪΑΣ,1.851,2.087,1.602,0.905,,
2024-08-23,ΝΟΜΟΣ ΑΧΑΪΑΣ,1.845,2.075,1.597,0.905,,
2024-08-24,ΝΟΜΟΣ ΑΧΑΪΑΣ,1.838,2.071,1.593,0.905,,
2024-08-25,ΝΟΜΟΣ ΑΧΑΪΑΣ,1.837,2.073,1.591,0.904,,
2024-08-26,ΝΟΜΟΣ ΑΧΑΪΑΣ,1.832,2.066,1.588,0.902,,
2024-08-27,ΝΟΜΟΣ ΑΧΑΪΑΣ,1.829,2.062,1.588,0.902,,
2024-08-28,ΝΟΜΟΣ ΑΧΑΪΑΣ,1.827,2.07,1.585,0.898,,
2024-08-29,ΝΟΜΟΣ ΑΧΑΪΑΣ,1.824,2.07,1.579,0.902,,
2024-08-30,ΝΟΜΟΣ ΑΧΑΪΑΣ,1.822,2.057,1.577,0.902,,
2024-09-01,ΝΟΜΟΣ ΑΧΑΪΑΣ,1.821,2.056,1.576,0.902,,
2024-09-02,ΝΟΜΟΣ ΑΧΑΪΑΣ,1.818,2.046,1.573,0.902,,
2024-09-03,ΝΟΜΟΣ ΑΧΑΪΑΣ,1.815,2.04,1.572,0.902,,
2024-09-04,ΝΟΜΟΣ ΑΧΑΪΑΣ,1.811,2.042,1.571,0.899,,
2024-09-05,ΝΟΜΟΣ ΑΧΑΪΑΣ,1.805,2.032,1.569,0.9,,
2024-09-06,ΝΟΜΟΣ ΑΧΑΪΑΣ,1.798,2.034,1.568,0.899,,
2024-09-07,ΝΟΜΟΣ ΑΧΑΪΑΣ,1.79,2.03,1.565,0.898,,
2024-09-08,ΝΟΜΟΣ ΑΧΑΪΑΣ,1.785,2.03,1.564,0.898,,
2024-09-09,ΝΟΜΟΣ ΑΧΑΪΑΣ,1.777,2.021,1.561,0.897,,
2024-09-10,ΝΟΜΟΣ ΑΧΑΪΑΣ,1.772,2.012,1.556,0.895,,
2024-09-11,ΝΟΜΟΣ ΑΧΑΪΑΣ,1.769,2.02,1.553,0.895,,
2024-09-12,ΝΟΜΟΣ ΑΧΑΪΑΣ,1.763,2.019,1.548,0.893,,
2024-09-13,ΝΟΜΟΣ ΑΧΑΪΑΣ,1.758,2.013,1.545,0.893,,
2024-09-14,ΝΟΜΟΣ ΑΧΑΪΑΣ,1.757,2.012,1.543,0.888,,
2024-09-15,ΝΟΜΟΣ ΑΧΑΪΑΣ,1.756,2.013,1.543,0.887,,
2024-09-16,ΝΟΜΟΣ ΑΧΑΪΑΣ,1.755,2.008,1.542,0.887,,
2024-09-17,ΝΟΜΟΣ ΑΧΑΪΑΣ,1.754,2.004,1.541,0.887,,
2024-09-18,ΝΟΜΟΣ ΑΧΑΪΑΣ,1.751,2.008,1.538,0.885,,
2024-09-19,ΝΟΜΟΣ ΑΧΑΪΑΣ,1.749,2.007,1.536,0.886,,
2024-09-20,ΝΟΜΟΣ ΑΧΑΪΑΣ,1.75,2.003,1.536,0.886,,
2024-09-21,ΝΟΜΟΣ ΑΧΑΪΑΣ,1.752,2.002,1.536,0.886,,
2024-09-22,ΝΟΜΟΣ ΑΧΑΪΑΣ,1.752,2.001,1.537,0.886,,
2024-09-23,ΝΟΜΟΣ ΑΧΑΪΑΣ,1.753,1.999,1.537,0.886,,
2024-09-24,ΝΟΜΟΣ ΑΧΑΪΑΣ,1.755,1.993,1.538,0.886,,
2024-09-25,ΝΟΜΟΣ ΑΧΑΪΑΣ,1.755,2.008,1.54,0.886,,
2024-09-26,ΝΟΜΟΣ ΑΧΑΪΑΣ,1.756,2.01,1.54,0.892,,
2024-09-27,ΝΟΜΟΣ ΑΧΑΪΑΣ,1.754,2.004,1.541,0.895,,
2024-09-28,ΝΟΜΟΣ ΑΧΑΪΑΣ,1.754,2.008,1.541,0.896,,
2024-09-29,ΝΟΜΟΣ ΑΧΑΪΑΣ,1.753,2.009,1.54,0.895,,
2024-09-30,ΝΟΜΟΣ ΑΧΑΪΑΣ,1.753,2.003,1.539,0.896,,
2024-10-01,ΝΟΜΟΣ ΑΧΑΪΑΣ,1.753,1.992,1.538,0.897,,
2024-10-02,ΝΟΜΟΣ ΑΧΑΪΑΣ,1.753,2.001,1.536,0.898,,
2024-10-03,ΝΟΜΟΣ ΑΧΑΪΑΣ,1.752,1.998,1.535,0.901,,
2024-10-04,ΝΟΜΟΣ ΑΧΑΪΑΣ,1.752,1.99,1.536,0.908,,
2024-10-05,ΝΟΜΟΣ ΑΧΑΪΑΣ,1.754,1.992,1.538,0.91,,
2024-10-06,ΝΟΜΟΣ ΑΧΑΪΑΣ,1.754,1.993,1.538,0.91,,
2024-10-07,ΝΟΜΟΣ ΑΧΑΪΑΣ,1.756,1.99,1.539,0.914,,
2024-10-08,ΝΟΜΟΣ ΑΧΑΪΑΣ,1.761,1.987,1.542,0.919,,
2024-10-09,ΝΟΜΟΣ ΑΧΑΪΑΣ,1.768,2.005,1.547,0.926,,
2024-10-10,ΝΟΜΟΣ ΑΧΑΪΑΣ,1.774,2.014,1.553,0.932,,
2024-10-11,ΝΟΜΟΣ ΑΧΑΪΑΣ,1.78,2.012,1.557,0.94,,
2024-10-12,ΝΟΜΟΣ ΑΧΑΪΑΣ,1.783,2.014,1.56,0.941,,
2024-10-13,ΝΟΜΟΣ ΑΧΑΪΑΣ,1.783,2.017,1.56,0.941,,
2024-10-14,ΝΟΜΟΣ ΑΧΑΪΑΣ,1.787,2.014,1.563,0.943,,
2024-10-15,ΝΟΜΟΣ ΑΧΑΪΑΣ,1.794,2.014,1.564,0.944,1.193,
2024-10-16,ΝΟΜΟΣ ΑΧΑΪΑΣ,1.796,2.027,1.565,0.946,1.197,
2024-10-17,ΝΟΜΟΣ ΑΧΑΪΑΣ,1.797,2.028,1.565,0.952,1.196,
2024-10-18,ΝΟΜΟΣ ΑΧΑΪΑΣ,1.797,2.023,1.565,0.953,1.191,
2024-10-19,ΝΟΜΟΣ ΑΧΑΪΑΣ,1.797,2.023,1.564,0.952,1.188,
2024-10-20,ΝΟΜΟΣ ΑΧΑΪΑΣ,1.797,2.026,1.564,0.952,1.188,
2024-10-21,ΝΟΜΟΣ ΑΧΑΪΑΣ,1.797,2.022,1.562,0.952,1.182,
2024-10-22,ΝΟΜΟΣ ΑΧΑΪΑΣ,1.797,2.015,1.56,0.953,1.18,
2024-10-23,ΝΟΜΟΣ ΑΧΑΪΑΣ,1.796,2.027,1.559,0.953,1.182,
2024-10-24,ΝΟΜΟΣ ΑΧΑΪΑΣ,1.797,2.028,1.559,0.953,1.181,
2024-10-25,ΝΟΜΟΣ ΑΧΑΪΑΣ,1.797,2.02,1.56,0.954,1.182,
2024-10-26,ΝΟΜΟΣ ΑΧΑΪΑΣ,1.794,2.019,1.558,0.953,1.183,
2024-10-27,ΝΟΜΟΣ ΑΧΑΪΑΣ,1.792,2.021,1.558,0.954,1.183,
2024-10-28,ΝΟΜΟΣ ΑΧΑΪΑΣ,1.792,2.016,1.558,0.954,1.183,
2024-10-29,ΝΟΜΟΣ ΑΧΑΪΑΣ,1.791,2.011,1.557,0.956,1.182,
2024-10-30,ΝΟΜΟΣ ΑΧΑΪΑΣ,1.79,2.024,1.558,0.955,1.182,
2024-10-31,ΝΟΜΟΣ ΑΧΑΪΑΣ,1.787,2.024,1.557,0.956,1.181,
2024-11-01,ΝΟΜΟΣ ΑΧΑΪΑΣ,1.786,2.017,1.557,0.952,1.181,
2024-11-02,ΝΟΜΟΣ ΑΧΑΪΑΣ,1.785,2.017,1.557,0.953,1.181,
2024-11-03,ΝΟΜΟΣ ΑΧΑΪΑΣ,1.785,2.018,1.557,0.953,1.181,
2024-11-04,ΝΟΜΟΣ ΑΧΑΪΑΣ,1.782,2.011,1.556,0.953,1.18,
2024-11-05,ΝΟΜΟΣ ΑΧΑΪΑΣ,1.783,2.004,1.556,0.954,1.181,
2024-11-06,ΝΟΜΟΣ ΑΧΑΪΑΣ,1.784,2.019,1.558,0.954,1.181,
2024-11-07,ΝΟΜΟΣ ΑΧΑΪΑΣ,1.784,2.02,1.561,0.955,1.183,
2024-11-08,ΝΟΜΟΣ ΑΧΑΪΑΣ,1.784,2.011,1.563,0.955,1.184,
2024-11-09,ΝΟΜΟΣ ΑΧΑΪΑΣ,1.784,2.012,1.564,0.955,1.185,
2024-11-10,ΝΟΜΟΣ ΑΧΑΪΑΣ,1.784,2.014,1.564,0.955,1.185,
2024-11-11,ΝΟΜΟΣ ΑΧΑΪΑΣ,1.784,2.011,1.565,0.955,1.187,
2024-11-12,ΝΟΜΟΣ ΑΧΑΪΑΣ,1.784,2.004,1.563,0.955,1.188,
2024-11-13,ΝΟΜΟΣ ΑΧΑΪΑΣ,1.785,2.014,1.564,0.954,1.187,
2024-11-14,ΝΟΜΟΣ ΑΧΑΪΑΣ,1.785,2.014,1.563,0.955,1.187,
2024-11-15,ΝΟΜΟΣ ΑΧΑΪΑΣ,1.785,2.009,1.564,0.955,1.186,
2024-11-16,ΝΟΜΟΣ ΑΧΑΪΑΣ,1.785,2.011,1.564,0.956,1.186,
2024-11-17,ΝΟΜΟΣ ΑΧΑΪΑΣ,1.785,2.012,1.565,0.956,1.186,
2024-11-18,ΝΟΜΟΣ ΑΧΑΪΑΣ,1.784,2.011,1.565,0.957,1.185,
2024-11-19,ΝΟΜΟΣ ΑΧΑΪΑΣ,1.785,2.005,1.565,0.958,1.186,
2024-11-20,ΝΟΜΟΣ ΑΧΑΪΑΣ,1.787,2.016,1.568,0.957,1.187,
2024-11-21,ΝΟΜΟΣ ΑΧΑΪΑΣ,1.787,2.018,1.571,0.959,1.188,
2024-11-22,ΝΟΜΟΣ ΑΧΑΪΑΣ,1.79,2.013,1.575,0.961,1.189,
2024-11-23,ΝΟΜΟΣ ΑΧΑΪΑΣ,1.793,2.017,1.578,0.964,1.191,
2024-11-24,ΝΟΜΟΣ ΑΧΑΪΑΣ,1.793,2.017,1.58,0.964,1.191,
2024-11-25,ΝΟΜΟΣ ΑΧΑΪΑΣ,1.795,2.017,1.581,0.965,1.193,
2024-11-26,ΝΟΜΟΣ ΑΧΑΪΑΣ,1.796,2.009,1.583,0.965,1.196,
2024-11-27,ΝΟΜΟΣ ΑΧΑΪΑΣ,1.798,2.022,1.585,0.965,1.197,
2024-11-28,ΝΟΜΟΣ ΑΧΑΪΑΣ,1.798,2.024,1.587,0.966,1.197,
2024-11-29,ΝΟΜΟΣ ΑΧΑΪΑΣ,1.798,2.019,1.589,0.966,1.197,
2024-11-30,ΝΟΜΟΣ ΑΧΑΪΑΣ,1.798,2.02,1.589,0.964,1.197,
2024-12-01,ΝΟΜΟΣ ΑΧΑΪΑΣ,1.798,2.021,1.589,0.964,1.197,
2024-12-02,ΝΟΜΟΣ ΑΧΑΪΑΣ,1.799,2.019,1.588,0.963,1.197,
2024-12-03,ΝΟΜΟΣ ΑΧΑΪΑΣ,1.799,2.011,1.589,0.961,1.196,
2024-12-04,ΝΟΜΟΣ ΑΧΑΪΑΣ,1.798,2.024,1.588,0.961,1.196,
2024-12-05,ΝΟΜΟΣ ΑΧΑΪΑΣ,1.799,2.026,1.588,0.961,1.195,
2024-12-06,ΝΟΜΟΣ ΑΧΑΪΑΣ,1.797,2.017,1.586,0.961,1.195,
2024-12-07,ΝΟΜΟΣ ΑΧΑΪΑΣ,1.796,2.017,1.585,0.961,1.194,
2024-12-08,ΝΟΜΟΣ ΑΧΑΪΑΣ,1.796,2.019,1.587,0.961,1.195,
2024-12-09,ΝΟΜΟΣ ΑΧΑΪΑΣ,1.794,2.016,1.584,0.955,1.195,
2024-12-10,ΝΟΜΟΣ ΑΧΑΪΑΣ,1.793,2.008,1.583,0.955,1.195,
2024-12-11,ΝΟΜΟΣ ΑΧΑΪΑΣ,1.793,2.015,1.581,0.955,1.192,
2024-12-12,ΝΟΜΟΣ ΑΧΑΪΑΣ,1.792,2.019,1.579,0.952,1.192,
2024-12-13,ΝΟΜΟΣ ΑΧΑΪΑΣ,1.793,2.013,1.579,0.956,1.192,
2024-12-14,ΝΟΜΟΣ ΑΧΑΪΑΣ,1.794,2.015,1.579,0.956,1.192,
2024-12-15,ΝΟΜΟΣ ΑΧΑΪΑΣ,1.794,2.018,1.579,0.956,1.192,
2024-12-16,ΝΟΜΟΣ ΑΧΑΪΑΣ,1.794,2.016,1.579,0.956,1.192,
2024-12-17,ΝΟΜΟΣ ΑΧΑΪΑΣ,1.795,2.008,1.579,0.956,1.193,
2024-12-18,ΝΟΜΟΣ ΑΧΑΪΑΣ,1.794,2.022,1.581,0.955,1.194,
2024-12-19,ΝΟΜΟΣ ΑΧΑΪΑΣ,1.794,2.022,1.581,0.957,1.195,
2024-12-20,ΝΟΜΟΣ ΑΧΑΪΑΣ,1.796,2.017,1.583,0.957,1.195,
2024-12-21,ΝΟΜΟΣ ΑΧΑΪΑΣ,1.796,2.019,1.584,0.957,1.195,
2024-12-22,ΝΟΜΟΣ ΑΧΑΪΑΣ,1.796,2.022,1.585,0.957,1.196,
2024-12-23,ΝΟΜΟΣ ΑΧΑΪΑΣ,1.796,2.019,1.585,0.96,1.196,
2024-12-24,ΝΟΜΟΣ ΑΧΑΪΑΣ,1.797,2.008,1.585,0.961,1.197,
2024-12-25,ΝΟΜΟΣ ΑΧΑΪΑΣ,1.797,2.022,1.585,0.96,1.197,
2024-12-26,ΝΟΜΟΣ ΑΧΑΪΑΣ,1.797,2.022,1.585,0.96,1.197,
2024-12-27,ΝΟΜΟΣ ΑΧΑΪΑΣ,1.797,2.017,1.586,0.962,1.198,
2024-12-28,ΝΟΜΟΣ ΑΧΑΪΑΣ,1.796,2.019,1.587,0.963,1.198,
2024-12-29,ΝΟΜΟΣ ΑΧΑΪΑΣ,1.796,2.021,1.585,0.963,1.198,
2024-12-30,ΝΟΜΟΣ ΑΧΑΪΑΣ,1.796,2.015,1.585,0.964,1.198,
2024-12-31,ΝΟΜΟΣ ΑΧΑΪΑΣ,1.796,2.011,1.584,0.964,1.198,
2025-01-01,ΝΟΜΟΣ ΑΧΑΪΑΣ,1.796,2.025,1.584,0.963,1.198,
2025-01-02,ΝΟΜΟΣ ΑΧΑΪΑΣ,1.797,2.027,1.584,0.964,1.199,
2025-01-03,ΝΟΜΟΣ ΑΧΑΪΑΣ,1.801,2.026,1.588,0.968,1.203,
2025-01-04,ΝΟΜΟΣ ΑΧΑΪΑΣ,1.805,2.029,1.591,0.968,1.207,
2025-01-05,ΝΟΜΟΣ ΑΧΑΪΑΣ,1.806,2.03,1.592,0.968,1.208,
2025-01-06,ΝΟΜΟΣ ΑΧΑΪΑΣ,1.808,2.03,1.593,0.969,1.209,
2025-01-07,ΝΟΜΟΣ ΑΧΑΪΑΣ,1.813,2.024,1.595,0.97,1.212,
2025-01-08,ΝΟΜΟΣ ΑΧΑΪΑΣ,1.817,2.037,1.6,0.971,1.216,
2025-01-09,ΝΟΜΟΣ ΑΧΑΪΑΣ,1.819,2.038,1.603,0.972,1.218,
2025-01-10,ΝΟΜΟΣ ΑΧΑΪΑΣ,1.82,2.034,1.604,0.973,1.219,
2025-01-11,ΝΟΜΟΣ ΑΧΑΪΑΣ,1.822,2.035,1.605,0.973,1.222,
2025-01-12,ΝΟΜΟΣ ΑΧΑΪΑΣ,1.822,2.039,1.606,0.974,1.223,
2025-01-13,ΝΟΜΟΣ ΑΧΑΪΑΣ,1.826,2.04,1.61,0.975,1.226,
2025-01-14,ΝΟΜΟΣ ΑΧΑΪΑΣ,1.831,2.038,0.978,1.236,,1.615
2025-01-15,ΝΟΜΟΣ ΑΧΑΪΑΣ,1.833,2.055,1.619,0.979,1.241,
2025-01-16,ΝΟΜΟΣ ΑΧΑΪΑΣ,1.84,2.061,1.629,0.98,1.251,
2025-01-17,ΝΟΜΟΣ ΑΧΑΪΑΣ,1.845,2.058,1.637,0.98,1.26,
2025-01-18,ΝΟΜΟΣ ΑΧΑΪΑΣ,1.847,2.061,1.641,0.981,1.263,
2025-01-19,ΝΟΜΟΣ ΑΧΑΪΑΣ,1.847,2.063,1.642,0.981,1.263,
2025-01-20,ΝΟΜΟΣ ΑΧΑΪΑΣ,1.85,2.063,1.645,0.981,1.266,
2025-01-21,ΝΟΜΟΣ ΑΧΑΪΑΣ,1.854,2.06,1.649,0.984,1.267,
2025-01-22,ΝΟΜΟΣ ΑΧΑΪΑΣ,1.856,2.073,1.653,0.987,1.269,
2025-01-23,ΝΟΜΟΣ ΑΧΑΪΑΣ,1.857,2.075,1.654,0.989,1.27,
2025-01-24,ΝΟΜΟΣ ΑΧΑΪΑΣ,1.857,2.068,1.653,0.989,1.269,
2025-01-25,ΝΟΜΟΣ ΑΧΑΪΑΣ,1.856,2.069,1.653,0.99,1.267,
2025-01-26,ΝΟΜΟΣ ΑΧΑΪΑΣ,1.858,2.071,1.653,0.99,1.267,
2025-01-27,ΝΟΜΟΣ ΑΧΑΪΑΣ,1.857,2.068,1.652,0.99,1.266,
2025-01-28,ΝΟΜΟΣ ΑΧΑΪΑΣ,1.855,2.062,1.646,0.989,1.264,
2025-01-29,ΝΟΜΟΣ ΑΧΑΪΑΣ,1.853,2.073,1.642,0.988,1.261,
2025-01-30,ΝΟΜΟΣ ΑΧΑΪΑΣ,1.852,2.073,1.642,0.989,1.258,
2025-01-31,ΝΟΜΟΣ ΑΧΑΪΑΣ,1.85,2.068,1.639,0.989,1.256,
2025-02-01,ΝΟΜΟΣ ΑΧΑΪΑΣ,1.849,2.068,1.637,0.988,1.253,
2025-02-02,ΝΟΜΟΣ ΑΧΑΪΑΣ,1.849,2.07,1.638,0.988,1.252,
2025-02-03,ΝΟΜΟΣ ΑΧΑΪΑΣ,1.848,2.069,1.637,0.988,1.251,
2025-02-04,ΝΟΜΟΣ ΑΧΑΪΑΣ,1.848,2.061,1.635,0.987,1.25,
2025-02-05,ΝΟΜΟΣ ΑΧΑΪΑΣ,1.848,2.071,1.636,0.987,1.248,
2025-02-06,ΝΟΜΟΣ ΑΧΑΪΑΣ,1.848,2.073,1.635,0.989,1.249,
2025-02-07,ΝΟΜΟΣ ΑΧΑΪΑΣ,1.849,2.068,1.636,0.99,1.248,
2025-02-08,ΝΟΜΟΣ ΑΧΑΪΑΣ,1.849,2.067,1.636,0.99,1.248,
2025-02-09,ΝΟΜΟΣ ΑΧΑΪΑΣ,1.849,2.07,1.636,0.99,1.248,
2025-02-10,ΝΟΜΟΣ ΑΧΑΪΑΣ,1.85,2.068,1.636,0.99,1.248,
2025-02-11,ΝΟΜΟΣ ΑΧΑΪΑΣ,1.848,2.06,1.635,0.99,1.248,
2025-02-12,ΝΟΜΟΣ ΑΧΑΪΑΣ,1.848,2.073,1.636,0.99,1.249,
2025-02-13,ΝΟΜΟΣ ΑΧΑΪΑΣ,1.849,2.074,1.637,0.992,1.25,
2025-02-14,ΝΟΜΟΣ ΑΧΑΪΑΣ,1.849,2.068,1.638,0.992,1.252,
2025-02-15,ΝΟΜΟΣ ΑΧΑΪΑΣ,1.849,2.069,1.638,0.992,1.252,
2025-02-16,ΝΟΜΟΣ ΑΧΑΪΑΣ,1.848,2.071,1.638,0.992,1.252,
2025-02-17,ΝΟΜΟΣ ΑΧΑΪΑΣ,1.849,2.069,0.992,1.253,,1.639
2025-02-18,ΝΟΜΟΣ ΑΧΑΪΑΣ,1.848,2.061,0.992,1.252,,1.638
2025-02-19,ΝΟΜΟΣ ΑΧΑΪΑΣ,1.848,2.073,1.638,0.992,1.25,
2025-02-20,ΝΟΜΟΣ ΑΧΑΪΑΣ,1.847,2.075,1.636,0.992,1.252,
2025-02-21,ΝΟΜΟΣ ΑΧΑΪΑΣ,1.847,2.069,1.64,0.993,1.252,
2025-02-22,ΝΟΜΟΣ ΑΧΑΪΑΣ,1.848,2.07,1.64,0.993,1.253,
2025-02-23,ΝΟΜΟΣ ΑΧΑΪΑΣ,1.848,2.071,1.64,0.993,1.253,
2025-02-24,ΝΟΜΟΣ ΑΧΑΪΑΣ,1.847,2.068,1.64,0.994,1.253,
2025-02-25,ΝΟΜΟΣ ΑΧΑΪΑΣ,1.847,2.059,1.639,0.994,1.253,
2025-02-26,ΝΟΜΟΣ ΑΧΑΪΑΣ,1.846,2.07,0.993,1.253,,1.639
2025-02-27,ΝΟΜΟΣ ΑΧΑΪΑΣ,1.844,2.071,1.636,0.994,1.252,
2025-02-28,ΝΟΜΟΣ ΑΧΑΪΑΣ,1.841,2.061,1.636,0.993,1.251,
2025-03-01,ΝΟΜΟΣ ΑΧΑΪΑΣ,1.839,2.06,1.635,0.993,1.25,
2025-03-02,ΝΟΜΟΣ ΑΧΑΪΑΣ,1.837,2.061,1.634,0.993,1.25,
2025-03-03,ΝΟΜΟΣ ΑΧΑΪΑΣ,1.834,2.054,1.633,0.993,1.25,
2025-03-04,ΝΟΜΟΣ ΑΧΑΪΑΣ,1.83,2.045,1.628,0.994,1.249,
2025-03-05,ΝΟΜΟΣ ΑΧΑΪΑΣ,1.824,2.058,0.993,1.246,,1.623
2025-03-06,ΝΟΜΟΣ ΑΧΑΪΑΣ,1.82,2.054,1.619,0.994,1.243,
2025-03-07,ΝΟΜΟΣ ΑΧΑΪΑΣ,1.806,2.038,1.608,0.994,1.237,
2025-03-08,ΝΟΜΟΣ ΑΧΑΪΑΣ,1.794,2.032,1.599,0.994,1.229,
2025-03-09,ΝΟΜΟΣ ΑΧΑΪΑΣ,1.79,2.032,1.597,0.994,1.228,
2025-03-10,ΝΟΜΟΣ ΑΧΑΪΑΣ,1.779,2.022,1.588,0.994,1.224,
2025-03-11,ΝΟΜΟΣ ΑΧΑΪΑΣ,1.769,2.004,1.581,0.988,1.22,
2025-03-12,ΝΟΜΟΣ ΑΧΑΪΑΣ,1.766,2.009,1.578,0.987,1.22,
2025-03-13,ΝΟΜΟΣ ΑΧΑΪΑΣ,1.761,2.011,1.574,0.987,1.218,
2025-03-14,ΝΟΜΟΣ ΑΧΑΪΑΣ,1.762,2.003,1.574,0.987,1.218,
2025-03-15,ΝΟΜΟΣ ΑΧΑΪΑΣ,1.761,2.004,1.572,0.987,1.216,
2025-03-16,ΝΟΜΟΣ ΑΧΑΪΑΣ,1.76,2.005,1.57,0.986,1.214,
2025-03-17,ΝΟΜΟΣ ΑΧΑΪΑΣ,1.758,2.002,1.568,0.986,1.212,
2025-03-18,ΝΟΜΟΣ ΑΧΑΪΑΣ,1.761,1.997,1.564,0.986,1.208,
2025-03-19,ΝΟΜΟΣ ΑΧΑΪΑΣ,1.761,2.009,1.563,0.985,1.205,
2025-03-20,ΝΟΜΟΣ ΑΧΑΪΑΣ,1.762,2.01,1.561,0.986,1.201,
2025-03-21,ΝΟΜΟΣ ΑΧΑΪΑΣ,1.763,2.004,1.56,0.987,1.2,
2025-03-22,ΝΟΜΟΣ ΑΧΑΪΑΣ,1.763,2.004,1.559,0.987,1.199,
2025-03-23,ΝΟΜΟΣ ΑΧΑΪΑΣ,1.763,2.006,1.559,0.987,1.198,
2025-03-24,ΝΟΜΟΣ ΑΧΑΪΑΣ,1.766,2.0,0.987,1.198,,1.56
2025-03-25,ΝΟΜΟΣ ΑΧΑΪΑΣ,1.767,1.995,0.988,1.198,,1.559
2025-03-26,ΝΟΜΟΣ ΑΧΑΪΑΣ,1.77,1.998,1.56,0.986,1.196,
2025-03-27,ΝΟΜΟΣ ΑΧΑΪΑΣ,1.774,2.017,1.561,0.994,1.197,
2025-03-28,ΝΟΜΟΣ ΑΧΑΪΑΣ,1.777,2.012,1.562,0.995,1.198,
2025-03-29,ΝΟΜΟΣ ΑΧΑΪΑΣ,1.782,2.016,1.564,0.995,1.198,
2025-03-30,ΝΟΜΟΣ ΑΧΑΪΑΣ,1.782,2.018,1.564,0.995,1.198,
2025-03-31,ΝΟΜΟΣ ΑΧΑΪΑΣ,1.783,2.017,1.566,0.993,1.198,
2025-04-01,ΝΟΜΟΣ ΑΧΑΪΑΣ,1.786,2.013,1.565,0.991,1.199,
2025-04-02,ΝΟΜΟΣ ΑΧΑΪΑΣ,1.79,2.024,1.566,0.988,1.2,
2025-04-03,ΝΟΜΟΣ ΑΧΑΪΑΣ,1.791,2.026,1.566,0.989,1.201,
2025-04-04,ΝΟΜΟΣ ΑΧΑΪΑΣ,1.791,2.018,0.99,1.201,,1.568
2025-04-05,ΝΟΜΟΣ ΑΧΑΪΑΣ,1.79,2.019,0.991,1.202,,1.567
2025-04-06,ΝΟΜΟΣ ΑΧΑΪΑΣ,1.79,2.02,0.989,1.201,,1.567
2025-04-07,ΝΟΜΟΣ ΑΧΑΪΑΣ,1.787,2.016,1.563,0.99,1.199,
2025-04-08,ΝΟΜΟΣ ΑΧΑΪΑΣ,1.781,2.009,1.555,0.989,1.197,
2025-04-09,ΝΟΜΟΣ ΑΧΑΪΑΣ,1.776,2.012,1.549,0.985,1.192,
2025-04-10,ΝΟΜΟΣ ΑΧΑΪΑΣ,1.762,2.0,1.535,0.98,1.181,
2025-04-11,ΝΟΜΟΣ ΑΧΑΪΑΣ,1.754,1.991,1.526,0.977,1.175,
2025-04-12,ΝΟΜΟΣ ΑΧΑΪΑΣ,1.742,1.987,1.516,0.97,1.167,
2025-04-13,ΝΟΜΟΣ ΑΧΑΪΑΣ,1.739,1.985,1.512,0.969,1.166,
2025-04-14,ΝΟΜΟΣ ΑΧΑΪΑΣ,1.734,1.976,1.502,0.965,1.162,
2025-04-15,ΝΟΜΟΣ ΑΧΑΪΑΣ,1.728,1.966,1.494,0.964,1.155,
2025-04-16,ΝΟΜΟΣ ΑΧΑΪΑΣ,1.725,1.975,1.492,0.958,1.149,
2025-04-17,ΝΟΜΟΣ ΑΧΑΪΑΣ,1.722,1.975,1.486,0.959,1.145,
2025-04-18,ΝΟΜΟΣ ΑΧΑΪΑΣ,1.72,1.969,1.487,0.959,1.143,
2025-04-19,ΝΟΜΟΣ ΑΧΑΪΑΣ,1.72,1.969,1.487,0.963,1.144,
2025-04-20,ΝΟΜΟΣ ΑΧΑΪΑΣ,1.72,1.97,1.487,0.963,1.144,
2025-04-21,ΝΟΜΟΣ ΑΧΑΪΑΣ,1.72,1.972,1.486,0.96,1.144,
2025-04-22,ΝΟΜΟΣ ΑΧΑΪΑΣ,1.72,1.958,1.485,0.957,1.137,
2025-04-23,ΝΟΜΟΣ ΑΧΑΪΑΣ,1.719,1.97,1.484,0.95,1.137,
2025-04-24,ΝΟΜΟΣ ΑΧΑΪΑΣ,1.72,1.974,1.483,0.954,1.137,
2025-04-25,ΝΟΜΟΣ ΑΧΑΪΑΣ,1.717,1.961,1.483,0.954,1.135,
2025-04-26,ΝΟΜΟΣ ΑΧΑΪΑΣ,1.718,1.962,1.484,0.954,1.136,
2025-04-27,ΝΟΜΟΣ ΑΧΑΪΑΣ,1.717,1.963,1.484,0.955,1.136,
2025-04-28,ΝΟΜΟΣ ΑΧΑΪΑΣ,1.716,1.96,1.483,0.954,1.136,
2025-04-29,ΝΟΜΟΣ ΑΧΑΪΑΣ,1.714,1.951,1.481,0.954,1.138,
2025-04-30,ΝΟΜΟΣ ΑΧΑΪΑΣ,1.714,1.962,1.481,0.95,1.134,
2025-05-01,ΝΟΜΟΣ ΑΧΑΪΑΣ,1.715,1.962,1.48,0.952,,
2025-05-02,ΝΟΜΟΣ ΑΧΑΪΑΣ,1.714,1.955,1.48,0.954,,
2025-05-03,ΝΟΜΟΣ ΑΧΑΪΑΣ,1.712,1.956,1.478,0.95,,
2025-05-04,ΝΟΜΟΣ ΑΧΑΪΑΣ,1.712,1.957,1.478,0.95,,
2025-05-05,ΝΟΜΟΣ ΑΧΑΪΑΣ,1.709,1.953,1.475,0.944,,
2025-05-06,ΝΟΜΟΣ ΑΧΑΪΑΣ,1.709,1.945,1.474,0.939,,
2025-05-07,ΝΟΜΟΣ ΑΧΑΪΑΣ,1.709,1.958,1.474,0.928,,
2025-05-08,ΝΟΜΟΣ ΑΧΑΪΑΣ,1.708,1.96,1.471,0.928,,
2025-05-09,ΝΟΜΟΣ ΑΧΑΪΑΣ,1.708,1.952,1.472,0.926,,
2025-05-10,ΝΟΜΟΣ ΑΧΑΪΑΣ,1.709,1.953,1.472,0.921,,
2025-05-11,ΝΟΜΟΣ ΑΧΑΪΑΣ,1.709,1.956,1.472,0.92,,
2025-05-12,ΝΟΜΟΣ ΑΧΑΪΑΣ,1.709,1.953,1.471,0.915,,
2025-05-13,ΝΟΜΟΣ ΑΧΑΪΑΣ,1.712,1.946,1.47,0.911,,
2025-05-14,ΝΟΜΟΣ ΑΧΑΪΑΣ,1.716,1.959,1.472,0.904,,
2025-05-15,ΝΟΜΟΣ ΑΧΑΪΑΣ,1.718,1.963,1.474,0.905,,
2025-05-16,ΝΟΜΟΣ ΑΧΑΪΑΣ,1.724,1.958,1.477,0.904,,
2025-05-17,ΝΟΜΟΣ ΑΧΑΪΑΣ,1.726,1.962,1.479,0.904,,
2025-05-18,ΝΟΜΟΣ ΑΧΑΪΑΣ,1.727,1.962,1.478,0.904,1.183,
2025-05-19,ΝΟΜΟΣ ΑΧΑΪΑΣ,1.729,1.962,1.48,0.903,,
2025-05-20,ΝΟΜΟΣ ΑΧΑΪΑΣ,1.73,1.955,1.48,0.902,,
2025-05-21,ΝΟΜΟΣ ΑΧΑΪΑΣ,1.733,1.969,1.482,0.899,,
2025-05-22,ΝΟΜΟΣ ΑΧΑΪΑΣ,1.734,1.971,1.483,0.901,,
2025-05-23,ΝΟΜΟΣ ΑΧΑΪΑΣ,1.734,1.964,1.485,0.902,,
2025-05-24,ΝΟΜΟΣ ΑΧΑΪΑΣ,1.735,1.965,1.485,0.901,,
2025-05-25,ΝΟΜΟΣ ΑΧΑΪΑΣ,1.735,1.967,1.485,0.9,,
2025-05-26,ΝΟΜΟΣ ΑΧΑΪΑΣ,1.733,1.963,1.484,0.9,,
2025-05-27,ΝΟΜΟΣ ΑΧΑΪΑΣ,1.733,1.957,1.484,0.899,,
2025-05-28,ΝΟΜΟΣ ΑΧΑΪΑΣ,1.734,1.968,1.484,0.896,,
2025-05-29,ΝΟΜΟΣ ΑΧΑΪΑΣ,1.734,1.969,1.484,0.897,,
2025-05-30,ΝΟΜΟΣ ΑΧΑΪΑΣ,1.734,1.962,1.483,0.897,,
2025-05-31,ΝΟΜΟΣ ΑΧΑΪΑΣ,1.734,1.964,1.483,0.897,,
2025-06-01,ΝΟΜΟΣ ΑΧΑΪΑΣ,1.732,1.966,1.482,0.897,,
2025-06-02,ΝΟΜΟΣ ΑΧΑΪΑΣ,1.731,1.964,1.481,0.897,,
2025-06-03,ΝΟΜΟΣ ΑΧΑΪΑΣ,1.731,1.955,1.479,0.896,,
2025-06-04,ΝΟΜΟΣ ΑΧΑΪΑΣ,1.732,1.97,1.479,0.892,,
2025-06-05,ΝΟΜΟΣ ΑΧΑΪΑΣ,1.73,1.969,1.478,0.893,,
2025-06-06,ΝΟΜΟΣ ΑΧΑΪΑΣ,1.73,1.962,1.478,0.892,,
2025-06-07,ΝΟΜΟΣ ΑΧΑΪΑΣ,1.73,1.964,1.477,0.892,,
2025-06-08,ΝΟΜΟΣ ΑΧΑΪΑΣ,1.73,1.964,1.477,0.892,,
2025-06-09,ΝΟΜΟΣ ΑΧΑΪΑΣ,1.729,1.964,1.477,0.892,,
2025-06-10,ΝΟΜΟΣ ΑΧΑΪΑΣ,1.729,1.954,1.477,0.89,,
2025-06-11,ΝΟΜΟΣ ΑΧΑΪΑΣ,1.729,1.965,1.476,0.887,,
2025-06-12,ΝΟΜΟΣ ΑΧΑΪΑΣ,1.73,1.967,1.476,0.891,,
2025-06-13,ΝΟΜΟΣ ΑΧΑΪΑΣ,1.732,1.962,1.48,0.891,,
2025-06-14,ΝΟΜΟΣ ΑΧΑΪΑΣ,1.735,1.965,1.486,0.89,,
2025-06-15,ΝΟΜΟΣ ΑΧΑΪΑΣ,1.736,1.968,1.486,0.89,,
2025-06-16,ΝΟΜΟΣ ΑΧΑΪΑΣ,1.739,1.968,1.49,0.89,,
2025-06-17,ΝΟΜΟΣ ΑΧΑΪΑΣ,1.741,1.96,1.492,0.891,,
2025-06-18,ΝΟΜΟΣ ΑΧΑΪΑΣ,1.744,1.975,1.498,0.891,,
2025-06-19,ΝΟΜΟΣ ΑΧΑΪΑΣ,1.749,1.979,1.51,0.894,,
2025-06-20,ΝΟΜΟΣ ΑΧΑΪΑΣ,1.758,1.977,1.528,0.895,,
2025-06-21,ΝΟΜΟΣ ΑΧΑΪΑΣ,1.763,1.98,1.543,0.896,,
2025-06-22,ΝΟΜΟΣ ΑΧΑΪΑΣ,1.764,1.984,1.545,0.896,,
2025-06-23,ΝΟΜΟΣ ΑΧΑΪΑΣ,1.768,1.985,1.558,0.895,,
2025-06-24,ΝΟΜΟΣ ΑΧΑΪΑΣ,1.777,1.984,1.567,0.894,,
2025-06-25,ΝΟΜΟΣ ΑΧΑΪΑΣ,1.78,1.998,1.573,0.894,,
2025-06-26,ΝΟΜΟΣ ΑΧΑΪΑΣ,1.781,1.999,1.574,0.897,,
2025-06-27,ΝΟΜΟΣ ΑΧΑΪΑΣ,1.779,1.991,1.574,0.897,,
2025-06-28,ΝΟΜΟΣ ΑΧΑΪΑΣ,1.776,1.989,1.57,0.897,,
2025-06-29,ΝΟΜΟΣ ΑΧΑΪΑΣ,1.773,1.99,1.568,0.897,,
2025-06-30,ΝΟΜΟΣ ΑΧΑΪΑΣ,1.766,1.985,1.564,0.898,,
2025-07-01,ΝΟΜΟΣ ΑΧΑΪΑΣ,1.759,1.977,1.555,0.897,,
2025-07-02,ΝΟΜΟΣ ΑΧΑΪΑΣ,1.756,1.987,1.552,0.896,,
2025-07-03,ΝΟΜΟΣ ΑΧΑΪΑΣ,1.755,1.985,1.55,0.896,,
2025-07-04,ΝΟΜΟΣ ΑΧΑΪΑΣ,1.753,1.977,1.551,0.897,,
2025-07-05,ΝΟΜΟΣ ΑΧΑΪΑΣ,1.752,1.978,1.553,0.897,,
2025-07-06,ΝΟΜΟΣ ΑΧΑΪΑΣ,1.749,1.98,1.553,0.897,,
2025-07-07,ΝΟΜΟΣ ΑΧΑΪΑΣ,1.745,1.979,1.554,0.898,,
2025-07-08,ΝΟΜΟΣ ΑΧΑΪΑΣ,1.745,1.972,1.557,0.895,,
2025-07-09,ΝΟΜΟΣ ΑΧΑΪΑΣ,1.748,1.986,1.559,0.893,,
2025-07-10,ΝΟΜΟΣ ΑΧΑΪΑΣ,1.749,1.983,1.562,0.898,,
2025-07-11,ΝΟΜΟΣ ΑΧΑΪΑΣ,1.75,1.979,1.564,0.901,,
2025-07-12,ΝΟΜΟΣ ΑΧΑΪΑΣ,1.75,1.98,1.565,0.903,,
2025-07-13,ΝΟΜΟΣ ΑΧΑΪΑΣ,1.75,1.98,1.566,0.904,,
2025-07-14,ΝΟΜΟΣ ΑΧΑΪΑΣ,1.751,1.979,1.567,0.905,,
2025-07-15,ΝΟΜΟΣ ΑΧΑΪΑΣ,1.75,1.969,1.567,0.905,,
2025-07-16,ΝΟΜΟΣ ΑΧΑΪΑΣ,1.752,1.98,1.569,0.905,,
2025-07-17,ΝΟΜΟΣ ΑΧΑΪΑΣ,1.752,1.983,1.569,0.908,,
2025-07-18,ΝΟΜΟΣ ΑΧΑΪΑΣ,1.753,1.979,1.571,0.911,,
2025-07-19,ΝΟΜΟΣ ΑΧΑΪΑΣ,1.753,1.983,1.572,0.911,,
2025-07-20,ΝΟΜΟΣ ΑΧΑΪΑΣ,1.753,1.984,1.572,0.911,,
2025-07-21,ΝΟΜΟΣ ΑΧΑΪΑΣ,1.755,1.981,1.571,0.915,,
2025-07-22,ΝΟΜΟΣ ΑΧΑΪΑΣ,1.752,1.975,1.571,0.918,,
2025-07-23,ΝΟΜΟΣ ΑΧΑΪΑΣ,1.753,1.986,1.573,0.92,,
2025-07-24,ΝΟΜΟΣ ΑΧΑΪΑΣ,1.752,1.983,1.572,0.925,,
2025-07-25,ΝΟΜΟΣ ΑΧΑΪΑΣ,1.752,1.979,1.573,0.928,,
2025-07-26,ΝΟΜΟΣ ΑΧΑΪΑΣ,1.75,1.983,1.573,0.929,,
2025-07-27,ΝΟΜΟΣ ΑΧΑΪΑΣ,1.75,1.983,1.573,0.929,,
2025-07-28,ΝΟΜΟΣ ΑΧΑΪΑΣ,1.75,1.977,1.572,0.93,,
2025-07-29,ΝΟΜΟΣ ΑΧΑΪΑΣ,1.748,1.969,1.569,0.927,,
2025-07-30,ΝΟΜΟΣ ΑΧΑΪΑΣ,1.748,1.982,1.57,0.928,,
2025-07-31,ΝΟΜΟΣ ΑΧΑΪΑΣ,1.748,1.983,1.569,0.933,,
2025-08-01,ΝΟΜΟΣ ΑΧΑΪΑΣ,1.748,1.978,1.57,0.937,,
2025-08-02,ΝΟΜΟΣ ΑΧΑΪΑΣ,1.749,1.98,1.57,0.941,,
2025-08-03,ΝΟΜΟΣ ΑΧΑΪΑΣ,1.748,1.982,1.57,0.943,,
2025-08-04,ΝΟΜΟΣ ΑΧΑΪΑΣ,1.748,1.978,1.57,0.947,,
2025-08-05,ΝΟΜΟΣ ΑΧΑΪΑΣ,1.75,1.969,1.568,0.945,,
2025-08-06,ΝΟΜΟΣ ΑΧΑΪΑΣ,1.75,1.986,1.567,0.945,,
2025-08-07,ΝΟΜΟΣ ΑΧΑΪΑΣ,1.749,1.987,1.567,0.946,,
2025-08-08,ΝΟΜΟΣ ΑΧΑΪΑΣ,1.751,1.979,1.565,0.95,,
2025-08-09,ΝΟΜΟΣ ΑΧΑΪΑΣ,1.751,1.981,1.564,0.95,,
2025-08-10,ΝΟΜΟΣ ΑΧΑΪΑΣ,1.75,1.983,1.564,0.949,,
2025-08-11,ΝΟΜΟΣ ΑΧΑΪΑΣ,1.749,1.978,1.561,0.949,,
2025-08-12,ΝΟΜΟΣ ΑΧΑΪΑΣ,1.749,1.968,1.559,0.945,,
2025-08-13,ΝΟΜΟΣ ΑΧΑΪΑΣ,1.749,1.983,1.558,0.944,,
2025-08-14,ΝΟΜΟΣ ΑΧΑΪΑΣ,1.748,1.984,1.557,0.946,,
2025-08-15,ΝΟΜΟΣ ΑΧΑΪΑΣ,1.748,1.974,1.555,0.944,,
2025-08-16,ΝΟΜΟΣ ΑΧΑΪΑΣ,1.747,1.976,1.553,0.945,,
2025-08-17,ΝΟΜΟΣ ΑΧΑΪΑΣ,1.747,1.978,1.553,0.945,,
2025-08-18,ΝΟΜΟΣ ΑΧΑΪΑΣ,1.745,1.972,1.551,0.946,,
2025-08-19,ΝΟΜΟΣ ΑΧΑΪΑΣ,1.744,1.965,1.544,0.943,,
2025-08-20,ΝΟΜΟΣ ΑΧΑΪΑΣ,1.743,1.977,1.542,0.942,,
2025-08-21,ΝΟΜΟΣ ΑΧΑΪΑΣ,1.742,1.977,1.54,0.942,,
2025-08-22,ΝΟΜΟΣ ΑΧΑΪΑΣ,1.742,1.969,1.541,0.943,,
2025-08-23,ΝΟΜΟΣ ΑΧΑΪΑΣ,1.742,1.971,1.541,0.943,,
2025-08-24,ΝΟΜΟΣ ΑΧΑΪΑΣ,1.741,1.973,1.541,0.942,,
2025-08-25,ΝΟΜΟΣ ΑΧΑΪΑΣ,1.741,1.973,1.541,0.943,,
2025-08-26,ΝΟΜΟΣ ΑΧΑΪΑΣ,1.742,1.966,1.539,0.94,,
2025-08-27,ΝΟΜΟΣ ΑΧΑΪΑΣ,1.743,1.982,1.54,0.939,,
2025-08-28,ΝΟΜΟΣ ΑΧΑΪΑΣ,1.742,1.98,1.541,0.941,,
2025-08-29,ΝΟΜΟΣ ΑΧΑΪΑΣ,1.743,1.975,1.541,0.943,,
2025-08-30,ΝΟΜΟΣ ΑΧΑΪΑΣ,1.743,1.978,1.541,0.943,,
2025-08-31,ΝΟΜΟΣ ΑΧΑΪΑΣ,1.745,1.981,1.542,0.943,,
2025-09-01,ΝΟΜΟΣ ΑΧΑΪΑΣ,1.745,1.979,1.543,0.943,,
2025-09-02,ΝΟΜΟΣ ΑΧΑΪΑΣ,1.743,1.968,1.539,0.942,,
2025-09-03,ΝΟΜΟΣ ΑΧΑΪΑΣ,1.745,1.982,1.54,0.94,,
2025-09-04,ΝΟΜΟΣ ΑΧΑΪΑΣ,1.746,1.983,1.54,0.942,,
2025-09-05,ΝΟΜΟΣ ΑΧΑΪΑΣ,1.748,1.977,1.542,0.943,,
2025-09-06,ΝΟΜΟΣ ΑΧΑΪΑΣ,1.749,1.979,1.543,0.942,,
2025-09-07,ΝΟΜΟΣ ΑΧΑΪΑΣ,1.748,1.978,1.542,0.942,,
2025-09-08,ΝΟΜΟΣ ΑΧΑΪΑΣ,1.751,1.978,1.544,0.94,,
2025-09-09,ΝΟΜΟΣ ΑΧΑΪΑΣ,1.751,1.97,1.545,0.936,,
2025-09-10,ΝΟΜΟΣ ΑΧΑΪΑΣ,1.753,1.983,1.545,0.931,,
2025-09-11,ΝΟΜΟΣ ΑΧΑΪΑΣ,1.754,1.982,1.546,0.933,,
2025-09-12,ΝΟΜΟΣ ΑΧΑΪΑΣ,1.755,1.978,1.547,0.932,,
2025-09-13,ΝΟΜΟΣ ΑΧΑΪΑΣ,1.756,1.98,1.547,0.933,,
2025-09-14,ΝΟΜΟΣ ΑΧΑΪΑΣ,1.756,1.981,1.547,0.933,,
2025-09-15,ΝΟΜΟΣ ΑΧΑΪΑΣ,1.756,1.979,1.547,0.93,,
2025-09-16,ΝΟΜΟΣ ΑΧΑΪΑΣ,1.756,1.973,1.546,0.938,,
2025-09-17,ΝΟΜΟΣ ΑΧΑΪΑΣ,1.758,1.987,1.547,0.942,,
2025-09-18,ΝΟΜΟΣ ΑΧΑΪΑΣ,1.759,1.989,1.548,0.946,,
2025-09-19,ΝΟΜΟΣ ΑΧΑΪΑΣ,1.76,1.983,1.549,0.95,,
2025-09-20,ΝΟΜΟΣ ΑΧΑΪΑΣ,1.757,1.983,1.548,0.951,,
2025-09-21,ΝΟΜΟΣ ΑΧΑΪΑΣ,1.758,1.986,1.549,0.955,,
2025-09-22,ΝΟΜΟΣ ΑΧΑΪΑΣ,1.759,1.984,1.549,0.959,,
2025-09-23,ΝΟΜΟΣ ΑΧΑΪΑΣ,1.759,1.979,1.548,0.958,,
2025-09-24,ΝΟΜΟΣ ΑΧΑΪΑΣ,1.759,1.991,1.548,0.959,,
2025-09-25,ΝΟΜΟΣ ΑΧΑΪΑΣ,1.759,1.991,1.546,0.962,,
2025-09-26,ΝΟΜΟΣ ΑΧΑΪΑΣ,1.758,1.984,1.549,0.963,,
2025-09-27,ΝΟΜΟΣ ΑΧΑΪΑΣ,1.758,1.987,1.549,0.963,,
2025-09-28,ΝΟΜΟΣ ΑΧΑΪΑΣ,1.757,1.989,1.549,0.963,,
2025-09-29,ΝΟΜΟΣ ΑΧΑΪΑΣ,1.758,1.987,1.551,0.963,,
2025-09-30,ΝΟΜΟΣ ΑΧΑΪΑΣ,1.759,1.978,1.551,0.962,,
2025-10-01,ΝΟΜΟΣ ΑΧΑΪΑΣ,1.76,1.992,1.552,0.961,,
2025-10-02,ΝΟΜΟΣ ΑΧΑΪΑΣ,1.76,1.99,1.552,0.963,,
2025-10-03,ΝΟΜΟΣ ΑΧΑΪΑΣ,1.758,1.981,1.551,0.966,,
2025-10-04,ΝΟΜΟΣ ΑΧΑΪΑΣ,1.757,1.982,1.55,0.966,,
2025-10-05,ΝΟΜΟΣ ΑΧΑΪΑΣ,1.756,1.983,1.55,0.966,,
2025-10-06,ΝΟΜΟΣ ΑΧΑΪΑΣ,1.754,1.982,1.55,0.967,,
2025-10-07,ΝΟΜΟΣ ΑΧΑΪΑΣ,1.754,1.973,1.548,0.963,,
2025-10-08,ΝΟΜΟΣ ΑΧΑΪΑΣ,1.752,1.984,1.547,0.963,,
2025-10-09,ΝΟΜΟΣ ΑΧΑΪΑΣ,1.75,1.983,1.546,0.965,,
2025-10-10,ΝΟΜΟΣ ΑΧΑΪΑΣ,1.748,1.976,1.545,0.963,,
2025-10-11,ΝΟΜΟΣ ΑΧΑΪΑΣ,1.748,1.979,1.545,0.963,,
2025-10-12,ΝΟΜΟΣ ΑΧΑΪΑΣ,1.748,1.982,1.546,0.963,,
2025-10-13,ΝΟΜΟΣ ΑΧΑΪΑΣ,1.744,1.976,1.544,0.963,,
2025-10-14,ΝΟΜΟΣ ΑΧΑΪΑΣ,1.739,1.968,1.541,0.959,,
2025-10-15,ΝΟΜΟΣ ΑΧΑΪΑΣ,1.738,1.979,1.541,0.958,1.123,
2025-10-16,ΝΟΜΟΣ ΑΧΑΪΑΣ,1.735,1.978,1.539,0.96,1.127,
2025-10-17,ΝΟΜΟΣ ΑΧΑΪΑΣ,1.734,1.969,1.538,0.96,1.13,
2025-10-18,ΝΟΜΟΣ ΑΧΑΪΑΣ,1.733,1.973,1.537,0.96,1.129,
2025-10-19,ΝΟΜΟΣ ΑΧΑΪΑΣ,1.731,1.973,1.536,0.96,1.128,
2025-10-20,ΝΟΜΟΣ ΑΧΑΪΑΣ,1.73,1.968,1.534,0.96,1.125,
2025-10-21,ΝΟΜΟΣ ΑΧΑΪΑΣ,1.726,1.961,1.531,0.959,1.126,
2025-10-22,ΝΟΜΟΣ ΑΧΑΪΑΣ,1.729,1.972,1.529,0.958,1.121,
2025-10-23,ΝΟΜΟΣ ΑΧΑΪΑΣ,1.729,1.971,1.528,0.959,1.12,
2025-10-24,ΝΟΜΟΣ ΑΧΑΪΑΣ,1.728,1.966,1.529,0.955,1.121,
2025-10-25,ΝΟΜΟΣ ΑΧΑΪΑΣ,1.73,1.969,0.956,1.122,,1.534
2025-10-26,ΝΟΜΟΣ ΑΧΑΪΑΣ,1.731,1.972,1.536,0.956,1.123,
2025-10-27,ΝΟΜΟΣ ΑΧΑΪΑΣ,1.73,1.969,1.538,0.956,1.127,
2025-10-28,ΝΟΜΟΣ ΑΧΑΪΑΣ,1.733,1.958,1.539,0.956,1.129,
2025-10-29,ΝΟΜΟΣ ΑΧΑΪΑΣ,1.735,1.96,1.545,0.955,1.136,
2025-10-30,ΝΟΜΟΣ ΑΧΑΪΑΣ,1.738,1.977,1.549,0.955,1.141,
2025-10-31,ΝΟΜΟΣ ΑΧΑΪΑΣ,1.74,1.973,1.553,0.955,1.142,
2025-11-01,ΝΟΜΟΣ ΑΧΑΪΑΣ,1.741,1.975,1.556,0.955,1.145,
2025-11-02,ΝΟΜΟΣ ΑΧΑΪΑΣ,1.741,1.978,1.557,0.955,1.146,
2025-11-04,ΝΟΜΟΣ ΑΧΑΪΑΣ,1.744,1.967,1.561,0.955,1.155,
2025-11-07,ΝΟΜΟΣ ΑΧΑΪΑΣ,1.747,1.976,1.576,0.958,1.164,
2025-11-08,ΝΟΜΟΣ ΑΧΑΪΑΣ,1.747,1.978,1.579,0.959,1.165,
2025-11-09,ΝΟΜΟΣ ΑΧΑΪΑΣ,1.748,1.98,1.579,0.959,1.166,
2025-11-10,ΝΟΜΟΣ ΑΧΑΪΑΣ,1.748,1.978,1.581,0.959,1.168,
2025-11-11,ΝΟΜΟΣ ΑΧΑΪΑΣ,1.748,1.972,1.582,0.965,1.168,
2025-11-12,ΝΟΜΟΣ ΑΧΑΪΑΣ,1.751,1.985,1.588,0.959,1.17,
2025-11-13,ΝΟΜΟΣ ΑΧΑΪΑΣ,1.754,1.987,1.591,0.96,1.17,
2025-11-14,ΝΟΜΟΣ ΑΧΑΪΑΣ,1.757,1.981,1.595,0.96,1.17,
2025-11-15,ΝΟΜΟΣ ΑΧΑΪΑΣ,1.758,1.983,0.96,1.17,,1.595
2025-11-16,ΝΟΜΟΣ ΑΧΑΪΑΣ,1.757,1.984,0.96,1.17,,1.596
2025-11-17,ΝΟΜΟΣ ΑΧΑΪΑΣ,1.757,1.979,1.595,0.959,1.17,
2025-11-18,ΝΟΜΟΣ ΑΧΑΪΑΣ,1.756,1.973,1.595,0.959,1.17,
2025-11-19,ΝΟΜΟΣ ΑΧΑΪΑΣ,1.758,1.986,1.6,0.959,1.17,
2025-11-20,ΝΟΜΟΣ ΑΧΑΪΑΣ,1.762,1.99,1.603,0.96,1.172,
2025-11-21,ΝΟΜΟΣ ΑΧΑΪΑΣ,1.761,1.984,1.607,0.959,1.173,
2025-11-22,ΝΟΜΟΣ ΑΧΑΪΑΣ,1.761,1.985,1.608,0.959,1.174,
2025-11-23,ΝΟΜΟΣ ΑΧΑΪΑΣ,1.761,1.988,1.608,0.959,1.174,
2025-11-24,ΝΟΜΟΣ ΑΧΑΪΑΣ,1.761,1.985,1.609,0.959,1.176,
2025-11-25,ΝΟΜΟΣ ΑΧΑΪΑΣ,1.761,1.978,1.609,0.96,1.176,
2025-11-26,ΝΟΜΟΣ ΑΧΑΪΑΣ,1.762,1.99,1.609,0.962,1.174,
2025-11-27,ΝΟΜΟΣ ΑΧΑΪΑΣ,1.761,1.99,1.605,0.968,1.172,
2025-11-28,ΝΟΜΟΣ ΑΧΑΪΑΣ,1.761,1.983,1.603,0.962,1.169,
2025-11-29,ΝΟΜΟΣ ΑΧΑΪΑΣ,1.761,1.985,1.598,0.969,1.166,
2025-11-30,ΝΟΜΟΣ ΑΧΑΪΑΣ,1.76,1.987,1.596,0.97,1.166,
2025-12-01,ΝΟΜΟΣ ΑΧΑΪΑΣ,1.76,1.983,1.596,0.971,1.164,
2025-12-02,ΝΟΜΟΣ ΑΧΑΪΑΣ,1.759,1.974,1.591,0.973,1.164,
2025-12-04,ΝΟΜΟΣ ΑΧΑΪΑΣ,1.759,1.987,1.589,0.986,1.164,
2025-12-05,ΝΟΜΟΣ ΑΧΑΪΑΣ,1.758,1.982,1.587,0.987,1.163,
2025-12-06,ΝΟΜΟΣ ΑΧΑΪΑΣ,1.757,1.983,1.587,0.987,1.161,
2025-12-07,ΝΟΜΟΣ ΑΧΑΪΑΣ,1.756,1.984,1.584,0.988,1.161,
2025-12-08,ΝΟΜΟΣ ΑΧΑΪΑΣ,1.755,1.979,1.58,0.988,1.161,
2025-12-09,ΝΟΜΟΣ ΑΧΑΪΑΣ,1.753,1.97,1.575,0.989,1.161,
2025-12-10,ΝΟΜΟΣ ΑΧΑΪΑΣ,1.753,1.983,1.569,0.991,1.16,
2025-12-11,ΝΟΜΟΣ ΑΧΑΪΑΣ,1.752,1.984,1.566,0.995,1.158,
2025-12-12,ΝΟΜΟΣ ΑΧΑΪΑΣ,1.752,1.976,1.565,0.997,1.153,
2025-12-13,ΝΟΜΟΣ ΑΧΑΪΑΣ,1.75,1.977,1.562,0.997,1.153,
2025-12-14,ΝΟΜΟΣ ΑΧΑΪΑΣ,1.75,1.978,1.561,0.997,1.153,
2025-12-15,ΝΟΜΟΣ ΑΧΑΪΑΣ,1.748,1.974,1.559,0.997,1.152,
2025-12-16,ΝΟΜΟΣ ΑΧΑΪΑΣ,1.746,1.967,1.556,0.996,1.15,
2025-12-17,ΝΟΜΟΣ ΑΧΑΪΑΣ,1.739,1.973,1.551,0.998,1.146,
2025-12-18,ΝΟΜΟΣ ΑΧΑΪΑΣ,1.735,1.972,1.545,0.997,1.144,
2025-12-19,ΝΟΜΟΣ ΑΧΑΪΑΣ,1.732,1.962,1.54,0.997,1.14,
2025-12-20,ΝΟΜΟΣ ΑΧΑΪΑΣ,1.731,1.964,1.537,0.997,1.137,
2025-12-21,ΝΟΜΟΣ ΑΧΑΪΑΣ,1.728,1.965,1.535,0.997,1.136,
2025-12-22,ΝΟΜΟΣ ΑΧΑΪΑΣ,1.724,1.961,1.529,0.997,1.132,
2025-12-23,ΝΟΜΟΣ ΑΧΑΪΑΣ,1.721,1.949,1.525,0.997,1.13,
2025-12-24,ΝΟΜΟΣ ΑΧΑΪΑΣ,1.72,1.964,1.526,0.997,1.13,
2025-12-25,ΝΟΜΟΣ ΑΧΑΪΑΣ,1.719,1.96,1.525,0.997,1.129,
2025-12-26,ΝΟΜΟΣ ΑΧΑΪΑΣ,1.716,1.953,1.525,0.997,1.128,
2025-12-27,ΝΟΜΟΣ ΑΧΑΪΑΣ,1.715,1.953,1.524,0.998,1.127,
2025-12-28,ΝΟΜΟΣ ΑΧΑΪΑΣ,1.715,1.955,1.524,0.998,1.127,
2025-12-29,ΝΟΜΟΣ ΑΧΑΪΑΣ,1.714,1.953,1.523,0.998,1.126,
2025-12-30,ΝΟΜΟΣ ΑΧΑΪΑΣ,1.714,1.947,1.523,0.997,1.126,
2025-12-31,ΝΟΜΟΣ ΑΧΑΪΑΣ,1.714,1.961,1.523,0.996,1.124,
2026-01-01,ΝΟΜΟΣ ΑΧΑΪΑΣ,1.714,1.959,1.522,0.996,1.124,
2026-01-02,ΝΟΜΟΣ ΑΧΑΪΑΣ,1.715,1.955,1.523,0.996,1.122,
2026-01-03,ΝΟΜΟΣ ΑΧΑΪΑΣ,1.713,1.956,1.52,0.995,1.122,
2026-01-04,ΝΟΜΟΣ ΑΧΑΪΑΣ,1.71,1.956,1.518,0.995,1.121,
2026-01-05,ΝΟΜΟΣ ΑΧΑΪΑΣ,1.708,1.95,1.518,0.995,1.12,
2026-01-06,ΝΟΜΟΣ ΑΧΑΪΑΣ,1.709,1.946,1.517,0.995,1.121,
2026-01-07,ΝΟΜΟΣ ΑΧΑΪΑΣ,1.71,1.962,1.519,0.995,1.121,
2026-01-08,ΝΟΜΟΣ ΑΧΑΪΑΣ,1.709,1.962,1.518,0.998,1.122,
2026-01-09,ΝΟΜΟΣ ΑΧΑΪΑΣ,1.708,1.953,1.518,0.998,1.12,
2026-01-10,ΝΟΜΟΣ ΑΧΑΪΑΣ,1.708,1.955,1.518,0.998,1.12,
2026-01-11,ΝΟΜΟΣ ΑΧΑΪΑΣ,1.708,1.958,1.518,0.998,1.12,
2026-01-12,ΝΟΜΟΣ ΑΧΑΪΑΣ,1.708,1.954,1.516,0.998,1.12,
2026-01-13,ΝΟΜΟΣ ΑΧΑΪΑΣ,1.706,1.948,1.515,0.999,1.12,
2026-01-14,ΝΟΜΟΣ ΑΧΑΪΑΣ,1.708,1.96,1.518,0.999,1.122,
2026-01-15,ΝΟΜΟΣ ΑΧΑΪΑΣ,1.708,1.959,1.518,1.005,1.123,
2026-01-16,ΝΟΜΟΣ ΑΧΑΪΑΣ,1.71,1.954,1.521,1.006,1.124,
2026-01-17,ΝΟΜΟΣ ΑΧΑΪΑΣ,1.712,1.957,1.523,1.006,1.124,
2026-01-18,ΝΟΜΟΣ ΑΧΑΪΑΣ,1.712,1.959,1.523,1.007,1.125,
2026-01-19,ΝΟΜΟΣ ΑΧΑΪΑΣ,1.712,1.953,1.522,1.008,1.126,
2026-01-20,ΝΟΜΟΣ ΑΧΑΪΑΣ,1.712,1.95,1.521,1.011,1.127,
2026-01-21,ΝΟΜΟΣ ΑΧΑΪΑΣ,1.717,1.963,1.525,1.015,1.126,
2026-01-22,ΝΟΜΟΣ ΑΧΑΪΑΣ,1.719,1.964,1.528,1.021,1.128,
2026-01-23,ΝΟΜΟΣ ΑΧΑΪΑΣ,1.719,1.955,1.53,1.022,1.131,
2026-01-24,ΝΟΜΟΣ ΑΧΑΪΑΣ,1.72,1.956,1.531,1.021,1.132,
2026-01-25,ΝΟΜΟΣ ΑΧΑΪΑΣ,1.721,1.96,1.533,1.021,1.132,
2026-01-26,ΝΟΜΟΣ ΑΧΑΪΑΣ,1.721,1.955,1.532,1.021,1.133,
2026-01-27,ΝΟΜΟΣ ΑΧΑΪΑΣ,1.721,1.951,1.533,1.02,1.134,
2026-01-28,ΝΟΜΟΣ ΑΧΑΪΑΣ,1.722,1.962,1.535,1.021,1.136,
2026-01-29,ΝΟΜΟΣ ΑΧΑΪΑΣ,1.722,1.963,1.534,1.021,1.136,
2026-01-30,ΝΟΜΟΣ ΑΧΑΪΑΣ,1.721,1.957,1.538,1.021,1.137,
2026-01-31,ΝΟΜΟΣ ΑΧΑΪΑΣ,1.722,1.962,1.539,1.021,1.139,
2026-02-01,ΝΟΜΟΣ ΑΧΑΪΑΣ,1.722,1.963,1.541,1.021,1.14,
2026-02-02,ΝΟΜΟΣ ΑΧΑΪΑΣ,1.723,1.963,1.542,1.022,1.142,
2026-02-03,ΝΟΜΟΣ ΑΧΑΪΑΣ,1.722,1.954,1.543,1.02,1.141,
2026-02-04,ΝΟΜΟΣ ΑΧΑΪΑΣ,1.724,1.968,1.545,1.019,1.143,
2026-02-05,ΝΟΜΟΣ ΑΧΑΪΑΣ,1.724,1.968,1.547,1.02,1.143,
2026-02-06,ΝΟΜΟΣ ΑΧΑΪΑΣ,1.724,1.961,1.547,1.021,1.144,
2026-02-07,ΝΟΜΟΣ ΑΧΑΪΑΣ,1.724,1.964,1.549,1.023,1.143,
2026-02-08,ΝΟΜΟΣ ΑΧΑΪΑΣ,1.724,1.967,1.549,1.025,1.143,
2026-02-09,ΝΟΜΟΣ ΑΧΑΪΑΣ,1.725,1.961,1.549,1.025,1.145,
2026-02-10,ΝΟΜΟΣ ΑΧΑΪΑΣ,1.723,1.955,1.548,1.029,1.146,
2026-02-11,ΝΟΜΟΣ ΑΧΑΪΑΣ,1.724,1.967,1.549,1.035,1.146,
2026-02-12,ΝΟΜΟΣ ΑΧΑΪΑΣ,1.725,1.967,1.549,1.038,1.148,
2026-02-13,ΝΟΜΟΣ ΑΧΑΪΑΣ,1.726,1.96,1.549,1.043,1.148,
2026-02-14,ΝΟΜΟΣ ΑΧΑΪΑΣ,1.725,1.963,1.55,1.043,1.148,
2026-02-15,ΝΟΜΟΣ ΑΧΑΪΑΣ,1.724,1.964,1.548,1.043,1.149,
2026-02-16,ΝΟΜΟΣ ΑΧΑΪΑΣ,1.723,1.962,1.549,1.043,1.149,
2026-02-17,ΝΟΜΟΣ ΑΧΑΪΑΣ,1.722,1.954,1.547,1.043,1.147,
2026-02-18,ΝΟΜΟΣ ΑΧΑΪΑΣ,1.722,1.965,1.547,1.044,1.147,
2026-02-19,ΝΟΜΟΣ ΑΧΑΪΑΣ,1.722,1.966,1.548,1.045,1.147,
2026-02-20,ΝΟΜΟΣ ΑΧΑΪΑΣ,1.727,1.964,1.55,1.046,1.148,
2026-02-21,ΝΟΜΟΣ ΑΧΑΪΑΣ,1.728,1.964,1.549,1.046,1.15,
2026-02-22,ΝΟΜΟΣ ΑΧΑΪΑΣ,1.729,1.967,1.55,1.046,1.15,
2026-02-23,ΝΟΜΟΣ ΑΧΑΪΑΣ,1.73,1.965,1.55,1.046,1.15,
2026-02-24,ΝΟΜΟΣ ΑΧΑΪΑΣ,1.734,1.963,1.557,1.045,1.158,
2026-02-25,ΝΟΜΟΣ ΑΧΑΪΑΣ,1.736,1.975,1.561,1.047,1.163,
2026-02-26,ΝΟΜΟΣ ΑΧΑΪΑΣ,1.737,1.977,1.568,1.048,1.167,
2026-02-27,ΝΟΜΟΣ ΑΧΑΪΑΣ,1.741,1.974,1.575,1.05,1.168,
2026-02-28,ΝΟΜΟΣ ΑΧΑΪΑΣ,1.741,1.975,1.577,1.056,1.169,
2026-03-01,ΝΟΜΟΣ ΑΧΑΪΑΣ,1.743,1.979,1.578,1.056,1.172,
2026-03-02,ΝΟΜΟΣ ΑΧΑΪΑΣ,1.747,1.977,1.582,1.06,1.18,
2026-03-03,ΝΟΜΟΣ ΑΧΑΪΑΣ,1.754,1.975,1.597,1.066,1.204,
2026-03-04,ΝΟΜΟΣ ΑΧΑΪΑΣ,1.766,1.998,1.631,1.072,1.248,
2026-03-05,ΝΟΜΟΣ ΑΧΑΪΑΣ,1.779,2.013,1.67,1.079,1.28,
2026-03-06,ΝΟΜΟΣ ΑΧΑΪΑΣ,1.797,2.022,1.733,1.091,1.318,
2026-03-07,ΝΟΜΟΣ ΑΧΑΪΑΣ,1.821,2.045,1.783,1.112,1.347,
2026-03-08,ΝΟΜΟΣ ΑΧΑΪΑΣ,1.826,2.05,1.799,1.116,1.354,
2026-03-09,ΝΟΜΟΣ ΑΧΑΪΑΣ,1.847,2.064,1.831,1.122,1.38,
2026-03-10,ΝΟΜΟΣ ΑΧΑΪΑΣ,1.863,2.067,1.859,1.149,1.399,
2026-03-11,ΝΟΜΟΣ ΑΧΑΪΑΣ,1.873,2.086,1.874,1.18,1.41,
2026-03-12,ΝΟΜΟΣ ΑΧΑΪΑΣ,1.883,2.102,1.879,1.198,1.414,
2026-03-13,ΝΟΜΟΣ ΑΧΑΪΑΣ,1.896,2.104,1.892,1.2,1.419,
2026-03-14,ΝΟΜΟΣ ΑΧΑΪΑΣ,1.911,2.118,1.902,1.214,1.424,
2026-03-15,ΝΟΜΟΣ ΑΧΑΪΑΣ,1.91,2.12,1.901,1.218,1.425,
2026-03-16,ΝΟΜΟΣ ΑΧΑΪΑΣ,1.917,2.125,1.907,1.223,1.432,
2026-03-17,ΝΟΜΟΣ ΑΧΑΪΑΣ,1.937,2.143,1.926,1.249,1.463,
2026-03-18,ΝΟΜΟΣ ΑΧΑΪΑΣ,1.954,2.17,1.944,1.268,1.494,
2026-03-19,ΝΟΜΟΣ ΑΧΑΪΑΣ,1.969,2.183,1.964,1.286,1.51,
2026-03-20,ΝΟΜΟΣ ΑΧΑΪΑΣ,1.997,2.197,1.997,1.322,1.542,
2026-03-21,ΝΟΜΟΣ ΑΧΑΪΑΣ,2.008,2.216,2.025,1.338,1.585,
2026-03-22,ΝΟΜΟΣ ΑΧΑΪΑΣ,2.014,2.221,2.035,1.342,1.59,
2026-03-23,ΝΟΜΟΣ ΑΧΑΪΑΣ,2.03,2.234,2.063,1.355,1.615,
24/3/26,ΝΟΜΟΣ ΑΧΑΪΑΣ,2.044,2.255,2.094,1.392,1.635,
25/3/26,ΝΟΜΟΣ ΑΧΑΪΑΣ,2.045,2.269,2.098,1.394,1.638,
26/3/26,ΝΟΜΟΣ ΑΧΑΪΑΣ,2.045,2.271,2.106,1.399,1.638,
27/3/26,ΝΟΜΟΣ ΑΧΑΪΑΣ,2.043,2.265,2.112,1.421,1.659,
28/3/26,ΝΟΜΟΣ ΑΧΑΪΑΣ,2.041,2.266,2.116,1.423,1.665,
29/3/26,ΝΟΜΟΣ ΑΧΑΪΑΣ,2.04,2.268,2.117,1.423,1.667,
30/3/26,ΝΟΜΟΣ ΑΧΑΪΑΣ,2.039,2.264,2.119,1.431,1.678,
